date,price,lag_1,lag_2,lag_3,lag_5,lag_10,lag_22
2022-02-18,246.85,251.5,252.25,251.85,251.65,241.85,244.45
2022-02-22,248.45,246.85,251.5,252.25,247.55,241.65,243.65
2022-02-23,248.6,248.45,246.85,251.5,251.85,248.95,237.9
2022-02-24,239.35,248.6,248.45,246.85,252.25,258.35,232.95
2022-02-25,240.05,239.35,248.6,248.45,251.5,255.2,237.9
2022-02-28,234.25,240.05,239.35,248.6,246.85,251.65,238.9
2022-03-01,237.25,234.25,240.05,239.35,248.45,247.55,232.05
2022-03-02,230.45,237.25,234.25,240.05,248.6,251.85,235.9
2022-03-03,224.15,230.45,237.25,234.25,239.35,252.25,235.1
2022-03-04,224.15,224.15,230.45,237.25,240.05,251.5,236.7
2022-03-07,225.5,224.15,224.15,230.45,234.25,246.85,238.8
2022-03-08,234.05,225.5,224.15,224.15,237.25,248.45,243.9
2022-03-09,230.45,234.05,225.5,224.15,230.45,248.6,241.85
2022-03-10,225.2,230.45,234.05,225.5,224.15,239.35,241.65
2022-03-11,222.95,225.2,230.45,234.05,224.15,240.05,248.95
2022-03-14,219.65,222.95,225.2,230.45,225.5,234.25,258.35
2022-03-15,212.3,219.65,222.95,225.2,234.05,237.25,255.2
2022-03-16,218.6,212.3,219.65,222.95,230.45,230.45,251.65
2022-03-17,217.3,218.6,212.3,219.65,225.2,224.15,247.55
2022-03-18,220.3,217.3,218.6,212.3,222.95,224.15,251.85
2022-03-21,225.85,220.3,217.3,218.6,219.65,225.5,252.25
2022-03-22,225.05,225.85,220.3,217.3,212.3,234.05,251.5
2022-03-23,225.3,225.05,225.85,220.3,218.6,230.45,246.85
2022-03-24,221.85,225.3,225.05,225.85,217.3,225.2,248.45
2022-03-25,221.85,221.85,225.3,225.05,220.3,222.95,248.6
2022-03-28,214.55,221.85,221.85,225.3,225.85,219.65,239.35
2022-03-29,215.7,214.55,221.85,221.85,225.05,212.3,240.05
2022-03-30,221.85,215.7,214.55,221.85,225.3,218.6,234.25
2022-03-31,226.4,221.85,215.7,214.55,221.85,217.3,237.25
2022-04-01,228.4,226.4,221.85,215.7,221.85,220.3,230.45
2022-04-04,230.6,228.4,226.4,221.85,214.55,225.85,224.15
2022-04-05,231.3,230.6,228.4,226.4,215.7,225.05,224.15
2022-04-06,227.6,231.3,230.6,228.4,221.85,225.3,225.5
2022-04-07,226.15,227.6,231.3,230.6,226.4,221.85,234.05
2022-04-08,231.65,226.15,227.6,231.3,228.4,221.85,230.45
2022-04-11,236.6,231.65,226.15,227.6,230.6,214.55,225.2
2022-04-12,233.6,236.6,231.65,226.15,231.3,215.7,222.95
2022-04-13,225.05,233.6,236.6,231.65,227.6,221.85,219.65
2022-04-14,223.6,225.05,233.6,236.6,226.15,226.4,212.3
2022-04-18,223.5,223.6,225.05,233.6,231.65,228.4,218.6
2022-04-19,221.3,223.5,223.6,225.05,236.6,230.6,217.3
2022-04-20,218.8,221.3,223.5,223.6,233.6,231.3,220.3
2022-04-21,228.15,218.8,221.3,223.5,225.05,227.6,225.85
2022-04-22,227.3,228.15,218.8,221.3,223.6,226.15,225.05
2022-04-25,220.8,227.3,228.15,218.8,223.5,231.65,225.3
2022-04-26,221.4,220.8,227.3,228.15,221.3,236.6,221.85
2022-04-27,215.95,221.4,220.8,227.3,218.8,233.6,221.85
2022-04-28,217.9,215.95,221.4,220.8,228.15,225.05,214.55
2022-04-29,222.55,217.9,215.95,221.4,227.3,223.6,215.7
2022-05-02,216.4,222.55,217.9,215.95,220.8,223.5,221.85
2022-05-03,218.2,216.4,222.55,217.9,221.4,221.3,226.4
2022-05-04,221.2,218.2,216.4,222.55,215.95,218.8,228.4
2022-05-05,218.4,221.2,218.2,216.4,217.9,228.15,230.6
2022-05-06,211.6,218.4,221.2,218.2,222.55,227.3,231.3
2022-05-09,206.3,211.6,218.4,221.2,216.4,220.8,227.6
2022-05-10,204.0,206.3,211.6,218.4,218.2,221.4,226.15
2022-05-11,220.1,204.0,206.3,211.6,221.2,215.95,231.65
2022-05-12,215.0,220.1,204.0,206.3,218.4,217.9,236.6
2022-05-13,212.9,215.0,220.1,204.0,211.6,222.55,233.6
2022-05-16,225.8,212.9,215.0,220.1,206.3,216.4,225.05
2022-05-17,228.2,225.8,212.9,215.0,204.0,218.2,223.6
2022-05-18,218.6,228.2,225.8,212.9,220.1,221.2,223.5
2022-05-19,218.7,218.6,228.2,225.8,215.0,218.4,221.3
2022-05-20,215.85,218.7,218.6,228.2,212.9,211.6,218.8
2022-05-23,215.75,215.85,218.7,218.6,225.8,206.3,228.15
2022-05-24,213.65,215.75,215.85,218.7,228.2,204.0,227.3
2022-05-25,217.05,213.65,215.75,215.85,218.6,220.1,220.8
2022-05-26,226.6,217.05,213.65,215.75,218.7,215.0,221.4
2022-05-27,229.45,226.6,217.05,213.65,215.85,212.9,215.95
2022-05-31,231.25,229.45,226.6,217.05,215.75,225.8,217.9
2022-06-01,239.45,231.25,229.45,226.6,213.65,228.2,222.55
2022-06-02,238.25,239.45,231.25,229.45,217.05,218.6,216.4
2022-06-03,232.4,238.25,239.45,231.25,226.6,218.7,218.2
2022-06-06,237.55,232.4,238.25,239.45,229.45,215.85,221.2
2022-06-07,232.15,237.55,232.4,238.25,231.25,215.75,218.4
2022-06-08,231.85,232.15,237.55,232.4,239.45,213.65,211.6
2022-06-09,234.65,231.85,232.15,237.55,238.25,217.05,206.3
2022-06-10,228.9,234.65,231.85,232.15,232.4,226.6,204.0
2022-06-13,223.35,228.9,234.65,231.85,237.55,229.45,220.1
2022-06-14,226.95,223.35,228.9,234.65,232.15,231.25,215.0
2022-06-15,228.5,226.95,223.35,228.9,231.85,239.45,212.9
2022-06-16,231.95,228.5,226.95,223.35,234.65,238.25,225.8
2022-06-17,227.65,231.95,228.5,226.95,228.9,232.4,228.2
2022-06-21,233.1,227.65,231.95,228.5,223.35,237.55,218.6
2022-06-22,238.6,233.1,227.65,231.95,226.95,232.15,218.7
2022-06-23,232.45,238.6,233.1,227.65,228.5,231.85,215.85
2022-06-24,226.6,232.45,238.6,233.1,231.95,234.65,215.75
2022-06-27,226.0,226.6,232.45,238.6,227.65,228.9,213.65
2022-06-28,221.9,226.0,226.6,232.45,233.1,223.35,217.05
2022-06-29,232.65,221.9,226.0,226.6,238.6,226.95,226.6
2022-06-30,233.6,232.65,221.9,226.0,232.45,228.5,229.45
2022-07-01,228.45,233.6,232.65,221.9,226.6,231.95,231.25
2022-07-05,224.65,228.45,233.6,232.65,226.0,227.65,239.45
2022-07-06,222.5,224.65,228.45,233.6,221.9,233.1,238.25
2022-07-07,222.2,222.5,224.65,228.45,232.65,238.6,232.4
2022-07-08,222.9,222.2,222.5,224.65,233.6,232.45,237.55
2022-07-11,216.9,222.9,222.2,222.5,228.45,226.6,232.15
2022-07-12,209.25,216.9,222.9,222.2,224.65,226.0,231.85
2022-07-13,211.25,209.25,216.9,222.9,222.5,221.9,234.65
2022-07-14,199.2,211.25,209.25,216.9,222.2,232.65,228.9
2022-07-15,203.7,199.2,211.25,209.25,222.9,233.6,223.35
2022-07-18,219.1,203.7,199.2,211.25,216.9,228.45,226.95
2022-07-19,220.4,219.1,203.7,199.2,209.25,224.65,228.5
2022-07-20,218.15,220.4,219.1,203.7,211.25,222.5,231.95
2022-07-21,215.85,218.15,220.4,219.1,199.2,222.2,227.65
2022-07-22,206.7,215.85,218.15,220.4,203.7,222.9,233.1
2022-07-25,210.05,206.7,215.85,218.15,219.1,216.9,238.6
2022-07-26,213.2,210.05,206.7,215.85,220.4,209.25,232.45
2022-07-27,219.1,213.2,210.05,206.7,218.15,211.25,226.6
2022-07-28,218.4,219.1,213.2,210.05,215.85,199.2,226.0
2022-07-29,217.2,218.4,219.1,213.2,206.7,203.7,221.9
2022-08-01,213.2,217.2,218.4,219.1,210.05,219.1,232.65
2022-08-02,209.9,213.2,217.2,218.4,213.2,220.4,233.6
2022-08-03,214.65,209.9,213.2,217.2,219.1,218.15,228.45
2022-08-04,219.3,214.65,209.9,213.2,218.4,215.85,224.65
2022-08-05,209.45,219.3,214.65,209.9,217.2,206.7,222.5
2022-08-08,211.85,209.45,219.3,214.65,213.2,210.05,222.2
2022-08-09,212.75,211.85,209.45,219.3,209.9,213.2,222.9
2022-08-10,220.45,212.75,211.85,209.45,214.65,219.1,216.9
2022-08-11,223.95,220.45,212.75,211.85,219.3,218.4,209.25
2022-08-12,226.6,223.95,220.45,212.75,209.45,217.2,211.25
2022-08-15,225.5,226.6,223.95,220.45,211.85,213.2,199.2
2022-08-16,219.35,225.5,226.6,223.95,212.75,209.9,203.7
2022-08-17,217.45,219.35,225.5,226.6,220.45,214.65,219.1
2022-08-18,214.7,217.45,219.35,225.5,223.95,219.3,220.4
2022-08-19,215.95,214.7,217.45,219.35,226.6,209.45,218.15
2022-08-22,224.3,215.95,214.7,217.45,225.5,211.85,215.85
2022-08-23,230.65,224.3,215.95,214.7,219.35,212.75,206.7
2022-08-24,242.95,230.65,224.3,215.95,217.45,220.45,210.05
2022-08-25,243.4,242.95,230.65,224.3,214.7,223.95,213.2
2022-08-26,242.0,243.4,242.95,230.65,215.95,226.6,219.1
2022-08-29,240.5,242.0,243.4,242.95,224.3,225.5,218.4
2022-08-30,239.15,240.5,242.0,243.4,230.65,219.35,217.2
2022-08-31,239.1,239.15,240.5,242.0,242.95,217.45,213.2
2022-09-01,236.35,239.1,239.15,240.5,243.4,214.7,209.9
2022-09-02,232.65,236.35,239.1,239.15,242.0,215.95,214.65
2022-09-06,233.9,232.65,236.35,239.1,240.5,224.3,219.3
2022-09-07,226.9,233.9,232.65,236.35,239.15,230.65,209.45
2022-09-08,225.85,226.9,233.9,232.65,239.1,242.95,211.85
2022-09-09,231.5,225.85,226.9,233.9,236.35,243.4,212.75
2022-09-12,227.75,231.5,225.85,226.9,232.65,242.0,220.45
2022-09-13,223.95,227.75,231.5,225.85,233.9,240.5,223.95
2022-09-14,217.6,223.95,227.75,231.5,226.9,239.15,226.6
2022-09-15,219.15,217.6,223.95,227.75,225.85,239.1,225.5
2022-09-16,218.05,219.15,217.6,223.95,231.5,236.35,219.35
2022-09-19,224.05,218.05,219.15,217.6,227.75,232.65,217.45
2022-09-20,228.1,224.05,218.05,219.15,223.95,233.9,214.7
2022-09-21,221.3,228.1,224.05,218.05,217.6,226.9,215.95
2022-09-22,223.55,221.3,228.1,224.05,219.15,225.85,224.3
2022-09-23,220.45,223.55,221.3,228.1,218.05,231.5,230.65
2022-09-26,223.8,220.45,223.55,221.3,224.05,227.75,242.95
2022-09-27,224.35,223.8,220.45,223.55,228.1,223.95,243.4
2022-09-28,228.7,224.35,223.8,220.45,221.3,217.6,242.0
2022-09-29,225.7,228.7,224.35,223.8,223.55,219.15,240.5
2022-09-30,221.55,225.7,228.7,224.35,220.45,218.05,239.15
2022-10-03,215.75,221.55,225.7,228.7,223.8,224.05,239.1
2022-10-04,219.3,215.75,221.55,225.7,224.35,228.1,236.35
2022-10-05,224.65,219.3,215.75,221.55,228.7,221.3,232.65
2022-10-06,217.7,224.65,219.3,215.75,225.7,223.55,233.9
2022-10-07,218.1,217.7,224.65,219.3,221.55,220.45,226.9
2022-10-10,217.45,218.1,217.7,224.65,215.75,223.8,225.85
2022-10-11,217.85,217.45,218.1,217.7,219.3,224.35,231.5
2022-10-12,209.75,217.85,217.45,218.1,224.65,228.7,227.75
2022-10-13,202.15,209.75,217.85,217.45,217.7,225.7,223.95
2022-10-14,196.7,202.15,209.75,217.85,218.1,221.55,217.6
2022-10-17,195.55,196.7,202.15,209.75,217.45,215.75,219.15
2022-10-18,195.1,195.55,196.7,202.15,217.85,219.3,218.05
2022-10-19,192.3,195.1,195.55,196.7,209.75,224.65,224.05
2022-10-20,191.05,192.3,195.1,195.55,202.15,217.7,228.1
2022-10-21,190.9,191.05,192.3,195.1,196.7,218.1,221.3
2022-10-24,190.4,190.9,191.05,192.3,195.55,217.45,223.55
2022-10-25,185.8,190.4,190.9,191.05,195.1,217.85,220.45
2022-10-26,179.75,185.8,190.4,190.9,192.3,209.75,223.8
2022-10-27,178.85,179.75,185.8,190.4,191.05,202.15,224.35
2022-10-28,169.8,178.85,179.75,185.8,190.9,196.7,228.7
2022-10-31,177.7,169.8,178.85,179.75,190.4,195.55,225.7
2022-11-01,174.6,177.7,169.8,178.85,185.8,195.1,221.55
2022-11-02,182.15,174.6,177.7,169.8,179.75,192.3,215.75
2022-11-03,172.2,182.15,174.6,177.7,178.85,191.05,219.3
2022-11-04,175.75,172.2,182.15,174.6,169.8,190.9,224.65
2022-11-07,170.55,175.75,172.2,182.15,177.7,190.4,217.7
2022-11-08,166.45,170.55,175.75,172.2,174.6,185.8,218.1
2022-11-09,165.15,166.45,170.55,175.75,182.15,179.75,217.45
2022-11-10,171.0,165.15,166.45,170.55,172.2,178.85,217.85
2022-11-11,170.1,171.0,165.15,166.45,175.75,169.8,209.75
2022-11-14,166.2,170.1,171.0,165.15,170.55,177.7,202.15
2022-11-15,156.75,166.2,170.1,171.0,166.45,174.6,196.7
2022-11-16,155.45,156.75,166.2,170.1,165.15,182.15,195.55
2022-11-17,152.7,155.45,156.75,166.2,171.0,172.2,195.1
2022-11-18,151.3,152.7,155.45,156.75,170.1,175.75,192.3
2022-11-21,157.5,151.3,152.7,155.45,166.2,170.55,191.05
2022-11-22,161.8,157.5,151.3,152.7,156.75,166.45,190.9
2022-11-23,160.1,161.8,157.5,151.3,155.45,165.15,190.4
2022-11-25,163.55,160.1,161.8,157.5,152.7,171.0,185.8
2022-11-28,160.65,163.55,160.1,161.8,151.3,170.1,179.75
2022-11-29,166.7,160.65,163.55,160.1,157.5,166.2,178.85
2022-11-30,167.7,166.7,160.65,163.55,161.8,156.75,169.8
2022-12-01,163.35,167.7,166.7,160.65,160.1,155.45,177.7
2022-12-02,160.15,163.35,167.7,166.7,163.55,152.7,174.6
2022-12-05,160.15,160.15,163.35,167.7,160.65,151.3,182.15
2022-12-06,161.05,160.15,160.15,163.35,166.7,157.5,172.2
2022-12-07,157.7,161.05,160.15,160.15,167.7,161.8,175.75
2022-12-08,156.9,157.7,161.05,160.15,163.35,160.1,170.55
2022-12-09,157.75,156.9,157.7,161.05,160.15,163.55,166.45
2022-12-12,166.35,157.75,156.9,157.7,160.15,160.65,165.15
2022-12-13,167.15,166.35,157.75,156.9,161.05,166.7,171.0
2022-12-14,168.3,167.15,166.35,157.75,157.7,167.7,170.1
2022-12-15,171.5,168.3,167.15,166.35,156.9,163.35,166.2
2022-12-16,164.15,171.5,168.3,167.15,157.75,160.15,156.75
2022-12-19,164.05,164.15,171.5,168.3,166.35,160.15,155.45
2022-12-20,167.8,164.05,164.15,171.5,167.15,161.05,152.7
2022-12-21,169.35,167.8,164.05,164.15,168.3,157.7,151.3
2022-12-22,168.9,169.35,167.8,164.05,171.5,156.9,157.5
2022-12-23,172.0,168.9,169.35,167.8,164.15,157.75,161.8
2022-12-27,166.95,172.0,168.9,169.35,164.05,166.35,160.1
2022-12-28,173.55,166.95,172.0,168.9,167.8,167.15,163.55
2022-12-29,170.05,173.55,166.95,172.0,169.35,168.3,160.65
2022-12-30,167.3,170.05,173.55,166.95,168.9,171.5,166.7
2023-01-03,166.3,167.3,170.05,173.55,172.0,164.15,167.7
2023-01-04,161.3,166.3,167.3,170.05,166.95,164.05,163.35
2023-01-05,160.55,161.3,166.3,167.3,173.55,167.8,160.15
2023-01-06,158.3,160.55,161.3,166.3,170.05,169.35,160.15
2023-01-09,158.05,158.3,160.55,161.3,167.3,168.9,161.05
2023-01-10,150.9,158.05,158.3,160.55,166.3,172.0,157.7
2023-01-11,143.9,150.9,158.05,158.3,161.3,166.95,156.9
2023-01-12,149.4,143.9,150.9,158.05,160.55,173.55,157.75
2023-01-13,151.7,149.4,143.9,150.9,158.3,170.05,166.35
2023-01-17,151.1,151.7,149.4,143.9,158.05,167.3,167.15
2023-01-18,155.0,151.1,151.7,149.4,150.9,166.3,168.3
2023-01-19,154.6,155.0,151.1,151.7,143.9,161.3,171.5
2023-01-20,154.8,154.6,155.0,151.1,149.4,160.55,164.15
2023-01-23,158.55,154.8,154.6,155.0,151.7,158.3,164.05
2023-01-24,159.85,158.55,154.8,154.6,151.1,158.05,167.8
2023-01-25,162.45,159.85,158.55,154.8,155.0,150.9,169.35
2023-01-26,167.15,162.45,159.85,158.55,154.6,143.9,168.9
2023-01-27,169.9,167.15,162.45,159.85,154.8,149.4,172.0
2023-01-30,170.4,169.9,167.15,162.45,158.55,151.7,166.95
2023-01-31,181.75,170.4,169.9,167.15,159.85,151.1,173.55
2023-02-01,175.9,181.75,170.4,169.9,162.45,155.0,170.05
2023-02-02,177.9,175.9,181.75,170.4,167.15,154.6,167.3
2023-02-03,172.8,177.9,175.9,181.75,169.9,154.8,166.3
2023-02-06,175.7,172.8,177.9,175.9,170.4,158.55,161.3
2023-02-07,177.05,175.7,172.8,177.9,181.75,159.85,160.55
2023-02-08,175.6,177.05,175.7,172.8,175.9,162.45,158.3
2023-02-09,173.65,175.6,177.05,175.7,177.9,167.15,158.05
2023-02-10,174.75,173.65,175.6,177.05,172.8,169.9,150.9
2023-02-13,177.05,174.75,173.65,175.6,175.7,170.4,143.9
2023-02-14,183.55,177.05,174.75,173.65,177.05,181.75,149.4
2023-02-15,176.85,183.55,177.05,174.75,175.6,175.9,151.7
2023-02-16,180.7,176.85,183.55,177.05,173.65,177.9,151.1
2023-02-17,188.7,180.7,176.85,183.55,174.75,172.8,155.0
2023-02-21,194.45,188.7,180.7,176.85,177.05,175.7,154.6
2023-02-22,199.5,194.45,188.7,180.7,183.55,177.05,154.8
2023-02-23,193.65,199.5,194.45,188.7,176.85,175.6,158.55
2023-02-24,191.2,193.65,199.5,194.45,180.7,173.65,159.85
2023-02-27,190.7,191.2,193.65,199.5,188.7,174.75,162.45
2023-02-28,190.4,190.7,191.2,193.65,194.45,177.05,167.15
2023-03-01,185.3,190.4,190.7,191.2,199.5,183.55,169.9
2023-03-02,183.95,185.3,190.4,190.7,193.65,176.85,170.4
2023-03-03,180.8,183.95,185.3,190.4,191.2,180.7,181.75
2023-03-06,182.45,180.8,183.95,185.3,190.7,188.7,175.9
2023-03-07,184.55,182.45,180.8,183.95,190.4,194.45,177.9
2023-03-08,179.55,184.55,182.45,180.8,185.3,199.5,172.8
2023-03-09,178.0,179.55,184.55,182.45,183.95,193.65,175.7
2023-03-10,182.25,178.0,179.55,184.55,180.8,191.2,177.05
2023-03-13,183.2,182.25,178.0,179.55,182.45,190.7,175.6
2023-03-14,180.9,183.2,182.25,178.0,184.55,190.4,173.65
2023-03-15,178.05,180.9,183.2,182.25,179.55,185.3,174.75
2023-03-16,185.5,178.05,180.9,183.2,178.0,183.95,177.05
2023-03-17,183.0,185.5,178.05,180.9,182.25,180.8,183.55
2023-03-20,184.9,183.0,185.5,178.05,183.2,182.45,176.85
2023-03-21,186.7,184.9,183.0,185.5,180.9,184.55,180.7
2023-03-22,178.0,186.7,184.9,183.0,178.05,179.55,188.7
2023-03-23,174.3,178.0,186.7,184.9,185.5,178.0,194.45
2023-03-24,179.25,174.3,178.0,186.7,183.0,182.25,199.5
2023-03-27,176.9,179.25,174.3,178.0,184.9,183.2,193.65
2023-03-28,173.75,176.9,179.25,174.3,186.7,180.9,191.2
2023-03-29,169.7,173.75,176.9,179.25,178.0,178.05,190.7
2023-03-30,169.8,169.7,173.75,176.9,174.3,185.5,190.4
2023-03-31,170.5,169.8,169.7,173.75,179.25,183.0,185.3
2023-04-03,176.25,170.5,169.8,169.7,176.9,184.9,183.95
2023-04-04,174.85,176.25,170.5,169.8,173.75,186.7,180.8
2023-04-05,180.15,174.85,176.25,170.5,169.7,178.0,182.45
2023-04-06,183.6,180.15,174.85,176.25,169.8,174.3,184.55
2023-04-10,182.6,183.6,180.15,174.85,170.5,179.25,179.55
2023-04-11,190.5,182.6,183.6,180.15,176.25,176.9,178.0
2023-04-12,190.25,190.5,182.6,183.6,174.85,173.75,182.25
2023-04-13,196.1,190.25,190.5,182.6,180.15,169.7,183.2
2023-04-14,193.4,196.1,190.25,190.5,183.6,169.8,180.9
2023-04-17,201.0,193.4,196.1,190.25,182.6,170.5,178.05
2023-04-18,205.25,201.0,193.4,196.1,190.5,176.25,185.5
2023-04-19,202.55,205.25,201.0,193.4,190.25,174.85,183.0
2023-04-20,195.9,202.55,205.25,201.0,196.1,180.15,184.9
2023-04-21,194.2,195.9,202.55,205.25,193.4,183.6,186.7
2023-04-24,196.75,194.2,195.9,202.55,201.0,182.6,178.0
2023-04-25,192.45,196.75,194.2,195.9,205.25,190.5,174.3
2023-04-26,195.85,192.45,196.75,194.2,202.55,190.25,179.25
2023-04-27,192.1,195.85,192.45,196.75,195.9,196.1,176.9
2023-04-28,189.85,192.1,195.85,192.45,194.2,193.4,173.75
2023-05-01,189.25,189.85,192.1,195.85,196.75,201.0,169.7
2023-05-02,190.65,189.25,189.85,192.1,192.45,205.25,169.8
2023-05-03,189.2,190.65,189.25,189.85,195.85,202.55,170.5
2023-05-04,186.4,189.2,190.65,189.25,192.1,195.9,176.25
2023-05-05,191.0,186.4,189.2,190.65,189.85,194.2,174.85
2023-05-08,186.9,191.0,186.4,189.2,189.25,196.75,180.15
2023-05-09,188.0,186.9,191.0,186.4,190.65,192.45,183.6
2023-05-10,187.45,188.0,186.9,191.0,189.2,195.85,182.6
2023-05-11,185.8,187.45,188.0,186.9,186.4,192.1,190.5
2023-05-12,186.0,185.8,187.45,188.0,191.0,189.85,190.25
2023-05-15,193.05,186.0,185.8,187.45,186.9,189.25,196.1
2023-05-16,190.35,193.05,186.0,185.8,188.0,190.65,193.4
2023-05-17,189.85,190.35,193.05,186.0,187.45,189.2,201.0
2023-05-18,190.45,189.85,190.35,193.05,185.8,186.4,205.25
2023-05-19,192.0,190.45,189.85,190.35,186.0,191.0,202.55
2023-05-22,189.2,192.0,190.45,189.85,193.05,186.9,195.9
2023-05-23,187.45,189.2,192.0,190.45,190.35,188.0,194.2
2023-05-24,188.0,187.45,189.2,192.0,189.85,187.45,196.75
2023-05-25,182.7,188.0,187.45,189.2,190.45,185.8,192.45
2023-05-26,181.6,182.7,188.0,187.45,192.0,186.0,195.85
2023-05-30,177.1,181.6,182.7,188.0,189.2,193.05,192.1
2023-05-31,178.65,177.1,181.6,182.7,187.45,190.35,189.85
2023-06-01,183.05,178.65,177.1,181.6,188.0,189.85,189.25
2023-06-02,180.3,183.05,178.65,177.1,182.7,190.45,190.65
2023-06-05,183.1,180.3,183.05,178.65,181.6,192.0,189.2
2023-06-06,182.6,183.1,180.3,183.05,177.1,189.2,186.4
2023-06-07,185.4,182.6,183.1,180.3,178.65,187.45,191.0
2023-06-08,194.85,185.4,182.6,183.1,183.05,188.0,186.9
2023-06-09,190.65,194.85,185.4,182.6,180.3,182.7,188.0
2023-06-12,185.55,190.65,194.85,185.4,183.1,181.6,187.45
2023-06-13,182.75,185.55,190.65,194.85,182.6,177.1,185.8
2023-06-14,184.4,182.75,185.55,190.65,185.4,178.65,186.0
2023-06-15,187.0,184.4,182.75,185.55,194.85,183.05,193.05
2023-06-16,184.9,187.0,184.4,182.75,190.65,180.3,190.35
2023-06-20,177.45,184.9,187.0,184.4,185.55,183.1,189.85
2023-06-21,172.0,177.45,184.9,187.0,182.75,182.6,190.45
2023-06-22,171.7,172.0,177.45,184.9,184.4,185.4,192.0
2023-06-23,168.05,171.7,172.0,177.45,187.0,194.85,189.2
2023-06-26,167.95,168.05,171.7,172.0,184.9,190.65,187.45
2023-06-27,169.45,167.95,168.05,171.7,177.45,185.55,188.0
2023-06-28,165.65,169.45,167.95,168.05,172.0,182.75,182.7
2023-06-29,163.6,165.65,169.45,167.95,171.7,184.4,181.6
2023-06-30,161.0,163.6,165.65,169.45,168.05,187.0,177.1
2023-07-03,162.5,161.0,163.6,165.65,167.95,184.9,178.65
2023-07-05,161.05,162.5,161.0,163.6,169.45,177.45,183.05
2023-07-06,162.35,161.05,162.5,161.0,165.65,172.0,180.3
2023-07-07,162.8,162.35,161.05,162.5,163.6,171.7,183.1
2023-07-10,161.75,162.8,162.35,161.05,161.0,168.05,182.6
2023-07-11,159.3,161.75,162.8,162.35,162.5,167.95,185.4
2023-07-12,158.75,159.3,161.75,162.8,161.05,169.45,194.85
2023-07-13,159.35,158.75,159.3,161.75,162.35,165.65,190.65
2023-07-14,161.95,159.35,158.75,159.3,162.8,163.6,185.55
2023-07-17,154.75,161.95,159.35,158.75,161.75,161.0,182.75
2023-07-18,155.25,154.75,161.95,159.35,159.3,162.5,184.4
2023-07-19,152.45,155.25,154.75,161.95,158.75,161.05,187.0
2023-07-20,158.05,152.45,155.25,154.75,159.35,162.35,184.9
2023-07-21,161.85,158.05,152.45,155.25,161.95,162.8,177.45
2023-07-24,163.0,161.85,158.05,152.45,154.75,161.75,172.0
2023-07-25,161.85,163.0,161.85,158.05,155.25,159.3,171.7
2023-07-26,163.15,161.85,163.0,161.85,152.45,158.75,168.05
2023-07-27,161.45,163.15,161.85,163.0,158.05,159.35,167.95
2023-07-28,157.9,161.45,163.15,161.85,161.85,161.95,169.45
2023-07-31,164.65,157.9,161.45,163.15,163.0,154.75,165.65
2023-08-01,164.55,164.65,157.9,161.45,161.85,155.25,163.6
2023-08-02,166.95,164.55,164.65,157.9,163.15,152.45,161.0
2023-08-03,164.75,166.95,164.55,164.65,161.45,158.05,162.5
2023-08-04,161.35,164.75,166.95,164.55,157.9,161.85,161.05
2023-08-07,163.95,161.35,164.75,166.95,164.65,163.0,162.35
2023-08-08,161.35,163.95,161.35,164.75,164.55,161.85,162.8
2023-08-09,160.75,161.35,163.95,161.35,166.95,163.15,161.75
2023-08-10,159.9,160.75,161.35,163.95,164.75,161.45,159.3
2023-08-11,157.8,159.9,160.75,161.35,161.35,157.9,158.75
2023-08-14,151.1,157.8,159.9,160.75,163.95,164.65,159.35
2023-08-15,149.25,151.1,157.8,159.9,161.35,164.55,161.95
2023-08-16,148.9,149.25,151.1,157.8,160.75,166.95,154.75
2023-08-17,147.0,148.9,149.25,151.1,159.9,164.75,155.25
2023-08-18,147.45,147.0,148.9,149.25,157.8,161.35,152.45
2023-08-21,147.55,147.45,147.0,148.9,151.1,163.95,158.05
2023-08-22,146.6,147.55,147.45,147.0,149.25,161.35,161.85
2023-08-23,152.95,146.6,147.55,147.45,148.9,160.75,163.0
2023-08-24,153.0,152.95,146.6,147.55,147.0,159.9,161.85
2023-08-25,151.75,153.0,152.95,146.6,147.45,157.8,163.15
2023-08-28,151.8,151.75,153.0,152.95,147.55,151.1,161.45
2023-08-29,151.35,151.8,151.75,153.0,146.6,149.25,157.9
2023-08-30,153.35,151.35,151.8,151.75,152.95,148.9,164.65
2023-08-31,152.7,153.35,151.35,151.8,153.0,147.0,164.55
2023-09-01,150.95,152.7,153.35,151.35,151.75,147.45,166.95
2023-09-05,151.4,150.95,152.7,153.35,151.8,147.55,164.75
2023-09-06,151.75,151.4,150.95,152.7,151.35,146.6,161.35
2023-09-07,147.4,151.75,151.4,150.95,153.35,152.95,163.95
2023-09-08,146.25,147.4,151.75,151.4,152.7,153.0,161.35
2023-09-11,151.55,146.25,147.4,151.75,150.95,151.75,160.75
2023-09-12,150.7,151.55,146.25,147.4,151.4,151.8,159.9
2023-09-13,151.05,150.7,151.55,146.25,151.75,151.35,157.8
2023-09-14,153.1,151.05,150.7,151.55,147.4,153.35,151.1
2023-09-15,158.25,153.1,151.05,150.7,146.25,152.7,149.25
2023-09-18,158.7,158.25,153.1,151.05,151.55,150.95,148.9
2023-09-19,167.5,158.7,158.25,153.1,150.7,151.4,147.0
2023-09-20,158.2,167.5,158.7,158.25,151.05,151.75,147.45
2023-09-21,154.85,158.2,167.5,158.7,153.1,147.4,147.55
2023-09-22,151.15,154.85,158.2,167.5,158.25,146.25,146.6
2023-09-25,148.8,151.15,154.85,158.2,158.7,151.55,152.95
2023-09-26,150.85,148.8,151.15,154.85,167.5,150.7,153.0
2023-09-27,149.25,150.85,148.8,151.15,158.2,151.05,151.75
2023-09-28,147.2,149.25,150.85,148.8,154.85,153.1,151.8
2023-09-29,146.15,147.2,149.25,150.85,151.15,158.25,151.35
2023-10-02,149.1,146.15,147.2,149.25,148.8,158.7,153.35
2023-10-03,148.75,149.1,146.15,147.2,150.85,167.5,152.7
2023-10-04,146.35,148.75,149.1,146.15,149.25,158.2,150.95
2023-10-05,145.4,146.35,148.75,149.1,147.2,154.85,151.4
2023-10-06,146.05,145.4,146.35,148.75,146.15,151.15,151.75
2023-10-09,146.05,146.05,145.4,146.35,149.1,148.8,147.4
2023-10-10,147.5,146.05,146.05,145.4,148.75,150.85,146.25
2023-10-11,147.7,147.5,146.05,146.05,146.35,149.25,151.55
2023-10-12,149.3,147.7,147.5,146.05,145.4,147.2,150.7
2023-10-13,154.9,149.3,147.7,147.5,146.05,146.15,151.05
2023-10-16,154.15,154.9,149.3,147.7,146.05,149.1,153.1
2023-10-17,157.05,154.15,154.9,149.3,147.5,148.75,158.25
2023-10-18,158.05,157.05,154.15,154.9,147.7,146.35,158.7
2023-10-19,163.95,158.05,157.05,154.15,149.3,145.4,167.5
2023-10-20,165.25,163.95,158.05,157.05,154.9,146.05,158.2
2023-10-23,165.85,165.25,163.95,158.05,154.15,146.05,154.85
2023-10-24,168.15,165.85,165.25,163.95,157.05,147.5,151.15
2023-10-25,162.3,168.15,165.85,165.25,158.05,147.7,148.8
2023-10-26,161.2,162.3,168.15,165.85,163.95,149.3,150.85
2023-10-27,160.95,161.2,162.3,168.15,165.25,154.9,149.25
2023-10-30,159.1,160.95,161.2,162.3,165.85,154.15,147.2
2023-10-31,167.3,159.1,160.95,161.2,168.15,157.05,146.15
2023-11-01,159.8,167.3,159.1,160.95,162.3,158.05,149.1
2023-11-02,165.35,159.8,167.3,159.1,161.2,163.95,148.75
2023-11-03,170.9,165.35,159.8,167.3,160.95,165.25,146.35
2023-11-06,173.7,170.9,165.35,159.8,159.1,165.85,145.4
2023-11-07,170.75,173.7,170.9,165.35,167.3,168.15,146.05
2023-11-08,174.35,170.75,173.7,170.9,159.8,162.3,146.05
2023-11-09,178.8,174.35,170.75,173.7,165.35,161.2,147.5
2023-11-10,174.5,178.8,174.35,170.75,170.9,160.95,147.7
2023-11-13,178.65,174.5,178.8,174.35,173.7,159.1,149.3
2023-11-14,176.45,178.65,174.5,178.8,170.75,167.3,154.9
2023-11-15,180.8,176.45,178.65,174.5,174.35,159.8,154.15
2023-11-16,176.1,180.8,176.45,178.65,178.8,165.35,157.05
2023-11-17,170.95,176.1,180.8,176.45,174.5,170.9,158.05
2023-11-20,177.9,170.95,176.1,180.8,178.65,173.7,163.95
2023-11-21,176.55,177.9,170.95,176.1,176.45,170.75,165.25
2023-11-22,178.65,176.55,177.9,170.95,180.8,174.35,165.85
2023-11-24,178.65,178.65,176.55,177.9,176.1,178.8,168.15
2023-11-27,179.7,178.65,178.65,176.55,170.95,174.5,162.3
2023-11-28,183.65,179.7,178.65,178.65,177.9,178.65,161.2
2023-11-29,182.1,183.65,179.7,178.65,176.55,176.45,160.95
2023-11-30,195.0,182.1,183.65,179.7,178.65,180.8,159.1
2023-12-01,193.9,195.0,182.1,183.65,178.65,176.1,167.3
2023-12-04,188.9,193.9,195.0,182.1,179.7,170.95,159.8
2023-12-05,193.85,188.9,193.9,195.0,183.65,177.9,165.35
2023-12-06,185.25,193.85,188.9,193.9,182.1,176.55,170.9
2023-12-07,185.5,185.25,193.85,188.9,195.0,178.65,173.7
2023-12-08,185.15,185.5,185.25,193.85,193.9,178.65,170.75
2023-12-11,194.0,185.15,185.5,185.25,188.9,179.7,174.35
2023-12-12,191.15,194.0,185.15,185.5,193.85,183.65,178.8
2023-12-13,194.65,191.15,194.0,185.15,185.25,182.1,174.5
2023-12-14,200.1,194.65,191.15,194.0,185.5,195.0,178.65
2023-12-15,201.8,200.1,194.65,191.15,185.15,193.9,176.45
2023-12-18,209.55,201.8,200.1,194.65,194.0,188.9,180.8
2023-12-19,202.4,209.55,201.8,200.1,191.15,193.85,176.1
2023-12-20,190.6,202.4,209.55,201.8,194.65,185.25,170.95
2023-12-21,193.6,190.6,202.4,209.55,200.1,185.5,177.9
2023-12-22,192.8,193.6,190.6,202.4,201.8,185.15,176.55
2023-12-26,194.35,192.8,193.6,190.6,209.55,194.0,178.65
2023-12-27,197.75,194.35,192.8,193.6,202.4,191.15,178.65
2023-12-28,198.0,197.75,194.35,192.8,190.6,194.65,179.7
2023-12-29,188.3,198.0,197.75,194.35,193.6,200.1,183.65
2024-01-02,190.15,188.3,198.0,197.75,192.8,201.8,182.1
2024-01-03,186.25,190.15,188.3,198.0,194.35,209.55,195.0
2024-01-04,185.55,186.25,190.15,188.3,197.75,202.4,193.9
2024-01-05,182.8,185.55,186.25,190.15,198.0,190.6,188.9
2024-01-08,181.4,182.8,185.55,186.25,188.3,193.6,193.85
2024-01-09,184.1,181.4,182.8,185.55,190.15,192.8,185.25
2024-01-10,181.15,184.1,181.4,182.8,186.25,194.35,185.5
2024-01-11,184.05,181.15,184.1,181.4,185.55,197.75,185.15
2024-01-12,180.0,184.05,181.15,184.1,182.8,198.0,194.0
2024-01-16,185.25,180.0,184.05,181.15,181.4,188.3,191.15
2024-01-17,179.2,185.25,180.0,184.05,184.1,190.15,194.65
2024-01-18,179.95,179.2,185.25,180.0,181.15,186.25,200.1
2024-01-19,185.15,179.95,179.2,185.25,184.05,185.55,201.8
2024-01-22,192.25,185.15,179.95,179.2,180.0,182.8,209.55
2024-01-23,192.95,192.25,185.15,179.95,185.25,181.4,202.4
2024-01-24,189.45,192.95,192.25,185.15,179.2,184.1,190.6
2024-01-25,186.95,189.45,192.95,192.25,179.95,181.15,193.6
2024-01-26,193.85,186.95,189.45,192.95,185.15,184.05,192.8
2024-01-29,189.25,193.85,186.95,189.45,192.25,180.0,194.35
2024-01-30,194.0,189.25,193.85,186.95,192.95,185.25,197.75
2024-01-31,194.05,194.0,189.25,193.85,189.45,179.2,198.0
2024-02-01,194.2,194.05,194.0,189.25,186.95,179.95,188.3
2024-02-02,191.95,194.2,194.05,194.0,193.85,185.15,190.15
2024-02-05,189.5,191.95,194.2,194.05,189.25,192.25,186.25
2024-02-06,188.2,189.5,191.95,194.2,194.0,192.95,185.55
2024-02-07,190.7,188.2,189.5,191.95,194.05,189.45,182.8
2024-02-08,188.8,190.7,188.2,189.5,194.2,186.95,181.4
2024-02-09,196.3,188.8,190.7,188.2,191.95,193.85,184.1
2024-02-12,195.6,196.3,188.8,190.7,189.5,189.25,181.15
2024-02-13,193.0,195.6,196.3,188.8,188.2,194.0,184.05
2024-02-14,187.05,193.0,195.6,196.3,190.7,194.05,180.0
2024-02-15,189.3,187.05,193.0,195.6,188.8,194.2,185.25
2024-02-16,190.85,189.3,187.05,193.0,196.3,191.95,179.2
2024-02-20,191.6,190.85,189.3,187.05,195.6,189.5,179.95
2024-02-21,198.35,191.6,190.85,189.3,193.0,188.2,185.15
2024-02-22,193.85,198.35,191.6,190.85,187.05,190.7,192.25
2024-02-23,191.0,193.85,198.35,191.6,189.3,188.8,192.95
2024-02-26,190.1,191.0,193.85,198.35,190.85,196.3,189.45
2024-02-27,194.05,190.1,191.0,193.85,191.6,195.6,186.95
2024-02-28,193.35,194.05,190.1,191.0,198.35,193.0,193.85
2024-02-29,195.85,193.35,194.05,190.1,193.85,187.05,189.25
2024-03-01,193.8,195.85,193.35,194.05,191.0,189.3,194.0
2024-03-04,197.4,193.8,195.85,193.35,190.1,190.85,194.05
2024-03-05,195.0,197.4,193.8,195.85,194.05,191.6,194.2
2024-03-06,194.45,195.0,197.4,193.8,193.35,198.35,191.95
2024-03-07,198.35,194.45,195.0,197.4,195.85,193.85,189.5
2024-03-08,191.4,198.35,194.45,195.0,193.8,191.0,188.2
2024-03-11,194.35,191.4,198.35,194.45,197.4,190.1,190.7
2024-03-12,195.4,194.35,191.4,198.35,195.0,194.05,188.8
2024-03-13,191.65,195.4,194.35,191.4,194.45,193.35,196.3
2024-03-14,191.35,191.65,195.4,194.35,198.35,195.85,195.6
2024-03-15,182.85,191.35,191.65,195.4,191.4,193.8,193.0
2024-03-18,181.85,182.85,191.35,191.65,194.35,197.4,187.05
2024-03-19,183.05,181.85,182.85,191.35,195.4,195.0,189.3
2024-03-20,182.4,183.05,181.85,182.85,191.65,194.45,190.85
2024-03-21,185.7,182.4,183.05,181.85,191.35,198.35,191.6
2024-03-22,184.85,185.7,182.4,183.05,182.85,191.4,198.35
2024-03-25,185.65,184.85,185.7,182.4,181.85,194.35,193.85
2024-03-26,188.05,185.65,184.85,185.7,183.05,195.4,191.0
2024-03-27,190.65,188.05,185.65,184.85,182.4,191.65,190.1
2024-03-28,188.85,190.65,188.05,185.65,185.7,191.35,194.05
2024-04-01,191.8,188.85,190.65,188.05,184.85,182.85,193.35
2024-04-02,197.75,191.8,188.85,190.65,185.65,181.85,195.85
2024-04-03,203.6,197.75,191.8,188.85,188.05,183.05,193.8
2024-04-04,206.75,203.6,197.75,191.8,190.65,182.4,197.4
2024-04-05,212.5,206.75,203.6,197.75,188.85,185.7,195.0
2024-04-08,211.1,212.5,206.75,203.6,191.8,184.85,194.45
2024-04-09,213.55,211.1,212.5,206.75,197.75,185.65,198.35
2024-04-10,214.65,213.55,211.1,212.5,203.6,188.05,191.4
2024-04-11,220.35,214.65,213.55,211.1,206.75,190.65,194.35
2024-04-12,224.65,220.35,214.65,213.55,212.5,188.85,195.4
2024-04-15,231.55,224.65,220.35,214.65,211.1,191.8,191.65
2024-04-16,236.75,231.55,224.65,220.35,213.55,197.75,191.35
2024-04-17,247.95,236.75,231.55,224.65,214.65,203.6,182.85
2024-04-18,239.85,247.95,236.75,231.55,220.35,206.75,181.85
2024-04-19,241.4,239.85,247.95,236.75,224.65,212.5,183.05
2024-04-22,231.65,241.4,239.85,247.95,231.55,211.1,182.4
2024-04-23,224.5,231.65,241.4,239.85,236.75,213.55,185.7
2024-04-24,228.45,224.5,231.65,241.4,247.95,214.65,184.85
2024-04-25,231.95,228.45,224.5,231.65,239.85,220.35,185.65
2024-04-26,230.6,231.95,228.45,224.5,241.4,224.65,188.05
2024-04-29,233.55,230.6,231.95,228.45,231.65,231.55,190.65
2024-04-30,220.65,233.55,230.6,231.95,224.5,236.75,188.85
2024-05-01,219.05,220.65,233.55,230.6,228.45,247.95,191.8
2024-05-02,208.65,219.05,220.65,233.55,231.95,239.85,197.75
2024-05-03,205.9,208.65,219.05,220.65,230.6,241.4,203.6
2024-05-06,200.7,205.9,208.65,219.05,233.55,231.65,206.75
2024-05-07,199.0,200.7,205.9,208.65,220.65,224.5,212.5
2024-05-08,200.25,199.0,200.7,205.9,219.05,228.45,211.1
2024-05-09,203.7,200.25,199.0,200.7,208.65,231.95,213.55
2024-05-10,204.4,203.7,200.25,199.0,205.9,230.6,214.65
2024-05-13,200.4,204.4,203.7,200.25,200.7,233.55,220.35
2024-05-14,202.85,200.4,204.4,203.7,199.0,220.65,224.65
2024-05-15,201.25,202.85,200.4,204.4,200.25,219.05,231.55
2024-05-16,199.55,201.25,202.85,200.4,203.7,208.65,236.75
2024-05-17,208.15,199.55,201.25,202.85,204.4,205.9,247.95
2024-05-20,209.3,208.15,199.55,201.25,200.4,200.7,239.85
2024-05-21,217.2,209.3,208.15,199.55,202.85,199.0,241.4
2024-05-22,220.45,217.2,209.3,208.15,201.25,200.25,231.65
2024-05-23,215.65,220.45,217.2,209.3,199.55,203.7,224.5
2024-05-24,218.25,215.65,220.45,217.2,208.15,204.4,228.45
2024-05-28,230.95,218.25,215.65,220.45,209.3,200.4,231.95
2024-05-29,229.45,230.95,218.25,215.65,217.2,202.85,230.6
2024-05-30,233.0,229.45,230.95,218.25,220.45,201.25,233.55
2024-05-31,222.35,233.0,229.45,230.95,215.65,199.55,220.65
2024-06-03,226.55,222.35,233.0,229.45,218.25,208.15,219.05
2024-06-04,233.9,226.55,222.35,233.0,230.95,209.3,208.65
2024-06-05,231.95,233.9,226.55,222.35,229.45,217.2,205.9
2024-06-06,234.2,231.95,233.9,226.55,233.0,220.45,200.7
2024-06-07,224.8,234.2,231.95,233.9,222.35,215.65,199.0
2024-06-10,221.4,224.8,234.2,231.95,226.55,218.25,200.25
2024-06-11,220.55,221.4,224.8,234.2,233.9,230.95,203.7
2024-06-12,224.35,220.55,221.4,224.8,231.95,229.45,204.4
2024-06-13,226.05,224.35,220.55,221.4,234.2,233.0,200.4
2024-06-14,224.15,226.05,224.35,220.55,224.8,222.35,202.85
2024-06-17,227.15,224.15,226.05,224.35,221.4,226.55,201.25
2024-06-18,226.3,227.15,224.15,226.05,220.55,233.9,199.55
2024-06-20,230.25,226.3,227.15,224.15,224.35,231.95,208.15
2024-06-21,226.55,230.25,226.3,227.15,226.05,234.2,209.3
2024-06-24,238.0,226.55,230.25,226.3,224.15,224.8,217.2
2024-06-25,231.2,238.0,226.55,230.25,227.15,221.4,220.45
2024-06-26,226.35,231.2,238.0,226.55,226.3,220.55,215.65
2024-06-27,228.25,226.35,231.2,238.0,230.25,224.35,218.25
2024-06-28,228.95,228.25,226.35,231.2,226.55,226.05,230.95
2024-07-01,226.7,228.95,228.25,226.35,238.0,224.15,229.45
2024-07-02,229.1,226.7,228.95,228.25,231.2,227.15,233.0
2024-07-03,225.95,229.1,226.7,228.95,226.35,226.3,222.35
2024-07-05,230.3,225.95,229.1,226.7,228.25,230.25,226.55
2024-07-08,236.2,230.3,225.95,229.1,228.95,226.55,233.9
2024-07-09,252.0,236.2,230.3,225.95,226.7,238.0,231.95
2024-07-10,245.7,252.0,236.2,230.3,229.1,231.2,234.2
2024-07-11,246.75,245.7,252.0,236.2,225.95,226.35,224.8
2024-07-12,250.45,246.75,245.7,252.0,230.3,228.25,221.4
2024-07-15,244.15,250.45,246.75,245.7,236.2,228.95,220.55
2024-07-16,245.4,244.15,250.45,246.75,252.0,226.7,224.35
2024-07-17,247.35,245.4,244.15,250.45,245.7,229.1,226.05
2024-07-18,243.4,247.35,245.4,244.15,246.75,225.95,224.15
2024-07-19,238.2,243.4,247.35,245.4,250.45,230.3,227.15
2024-07-22,243.05,238.2,243.4,247.35,244.15,236.2,226.3
2024-07-23,239.1,243.05,238.2,243.4,245.4,252.0,230.25
2024-07-24,231.15,239.1,243.05,238.2,247.35,245.7,226.55
2024-07-25,234.7,231.15,239.1,243.05,243.4,246.75,238.0
2024-07-26,230.25,234.7,231.15,239.1,238.2,250.45,231.2
2024-07-29,230.4,230.25,234.7,231.15,243.05,244.15,226.35
2024-07-30,230.8,230.4,230.25,234.7,239.1,245.4,228.25
2024-07-31,229.2,230.8,230.4,230.25,231.15,247.35,228.95
2024-08-01,227.25,229.2,230.8,230.4,234.7,243.4,226.7
2024-08-02,230.5,227.25,229.2,230.8,230.25,238.2,229.1
2024-08-05,225.7,230.5,227.25,229.2,230.4,243.05,225.95
2024-08-06,235.95,225.7,230.5,227.25,230.8,239.1,230.3
2024-08-07,246.3,235.95,225.7,230.5,229.2,231.15,236.2
2024-08-08,245.3,246.3,235.95,225.7,227.25,234.7,252.0
2024-08-09,234.05,245.3,246.3,235.95,230.5,230.25,245.7
2024-08-12,240.85,234.05,245.3,246.3,225.7,230.4,246.75
2024-08-13,232.7,240.85,234.05,245.3,235.95,230.8,250.45
2024-08-14,237.0,232.7,240.85,234.05,246.3,229.2,244.15
2024-08-15,239.9,237.0,232.7,240.85,245.3,227.25,245.4
2024-08-16,245.45,239.9,237.0,232.7,234.05,230.5,247.35
2024-08-19,245.9,245.45,239.9,237.0,240.85,225.7,243.4
2024-08-20,249.45,245.9,245.45,239.9,232.7,235.95,238.2
2024-08-21,249.45,249.45,245.9,245.45,237.0,246.3,243.05
2024-08-22,246.8,249.45,249.45,245.9,239.9,245.3,239.1
2024-08-23,251.2,246.8,249.45,249.45,245.45,234.05,231.15
2024-08-26,253.65,251.2,246.8,249.45,245.9,240.85,234.7
2024-08-27,259.4,253.65,251.2,246.8,249.45,232.7,230.25
2024-08-28,260.45,259.4,253.65,251.2,249.45,237.0,230.4
2024-08-29,251.8,260.45,259.4,253.65,246.8,239.9,230.8
2024-08-30,248.2,251.8,260.45,259.4,251.2,245.45,229.2
2024-09-03,246.75,248.2,251.8,260.45,253.65,245.9,227.25
2024-09-04,245.55,246.75,248.2,251.8,259.4,249.45,230.5
2024-09-05,246.6,245.55,246.75,248.2,260.45,249.45,225.7
2024-09-06,240.05,246.6,245.55,246.75,251.8,246.8,235.95
2024-09-09,249.45,240.05,246.6,245.55,248.2,251.2,246.3
2024-09-10,248.0,249.45,240.05,246.6,246.75,253.65,245.3
2024-09-11,249.45,248.0,249.45,240.05,245.55,259.4,234.05
2024-09-12,252.0,249.45,248.0,249.45,246.6,260.45,240.85
2024-09-13,262.05,252.0,249.45,248.0,240.05,251.8,232.7
2024-09-16,259.05,262.05,252.0,249.45,249.45,248.2,237.0
2024-09-17,265.0,259.05,262.05,252.0,248.0,246.75,239.9
2024-09-18,263.15,265.0,259.05,262.05,249.45,245.55,245.45
2024-09-19,261.65,263.15,265.0,259.05,252.0,246.6,245.9
2024-09-20,250.75,261.65,263.15,265.0,262.05,240.05,249.45
2024-09-23,263.65,250.75,261.65,263.15,259.05,249.45,249.45
2024-09-24,267.8,263.65,250.75,261.65,265.0,248.0,246.8
2024-09-25,269.1,267.8,263.65,250.75,263.15,249.45,251.2
2024-09-26,273.9,269.1,267.8,263.65,261.65,252.0,253.65
2024-09-27,269.15,273.9,269.1,267.8,250.75,262.05,259.4
2024-09-30,270.25,269.15,273.9,269.1,263.65,259.05,260.45
2024-10-01,264.15,270.25,269.15,273.9,267.8,265.0,251.8
2024-10-02,256.5,264.15,270.25,269.15,269.1,263.15,248.2
2024-10-03,252.05,256.5,264.15,270.25,273.9,261.65,246.75
2024-10-04,257.35,252.05,256.5,264.15,269.15,250.75,245.55
2024-10-07,244.65,257.35,252.05,256.5,270.25,263.65,246.6
2024-10-08,248.2,244.65,257.35,252.05,264.15,267.8,240.05
2024-10-09,250.05,248.2,244.65,257.35,256.5,269.1,249.45
2024-10-10,254.75,250.05,248.2,244.65,252.05,273.9,248.0
2024-10-11,252.05,254.75,250.05,248.2,257.35,269.15,249.45
2024-10-14,262.05,252.05,254.75,250.05,244.65,270.25,252.0
2024-10-15,256.7,262.05,252.05,254.75,248.2,264.15,262.05
2024-10-16,258.0,256.7,262.05,252.05,250.05,256.5,259.05
2024-10-17,255.15,258.0,256.7,262.05,254.75,252.05,265.0
2024-10-18,257.3,255.15,258.0,256.7,252.05,257.35,263.15
2024-10-21,251.7,257.3,255.15,258.0,262.05,244.65,261.65
2024-10-22,249.85,251.7,257.3,255.15,256.7,248.2,250.75
2024-10-23,252.35,249.85,251.7,257.3,258.0,250.05,263.65
2024-10-24,245.45,252.35,249.85,251.7,255.15,254.75,267.8
2024-10-25,248.4,245.45,252.35,249.85,257.3,252.05,269.1
2024-10-28,252.35,248.4,245.45,252.35,251.7,262.05,273.9
2024-10-29,248.1,252.35,248.4,245.45,249.85,256.7,269.15
2024-10-30,249.6,248.1,252.35,248.4,252.35,258.0,270.25
2024-10-31,245.9,249.6,248.1,252.35,245.45,255.15,264.15
2024-11-01,242.95,245.9,249.6,248.1,248.4,257.3,256.5
2024-11-04,245.95,242.95,245.9,249.6,252.35,251.7,252.05
2024-11-05,250.15,245.95,242.95,245.9,248.1,249.85,257.35
2024-11-06,248.75,250.15,245.95,242.95,249.6,252.35,244.65
2024-11-07,260.4,248.75,250.15,245.95,245.9,245.45,248.2
2024-11-08,253.35,260.4,248.75,250.15,242.95,248.4,250.05
2024-11-11,256.2,253.35,260.4,248.75,245.95,252.35,254.75
2024-11-12,263.55,256.2,253.35,260.4,250.15,248.1,252.05
2024-11-13,271.65,263.55,256.2,253.35,248.75,249.6,262.05
2024-11-14,278.95,271.65,263.55,256.2,260.4,245.9,256.7
2024-11-15,281.8,278.95,271.65,263.55,253.35,242.95,258.0
2024-11-18,280.75,281.8,278.95,271.65,256.2,245.95,255.15
2024-11-19,279.75,280.75,281.8,278.95,263.55,250.15,257.3
2024-11-20,295.3,279.75,280.75,281.8,271.65,248.75,251.7
2024-11-21,298.65,295.3,279.75,280.75,278.95,260.4,249.85
2024-11-22,305.25,298.65,295.3,279.75,281.8,253.35,252.35
2024-11-25,308.35,305.25,298.65,295.3,280.75,256.2,245.45
2024-11-26,312.15,308.35,305.25,298.65,279.75,263.55,248.4
2024-11-27,326.15,312.15,308.35,305.25,295.3,271.65,252.35
2024-11-29,321.65,326.15,312.15,308.35,298.65,278.95,248.1
2024-12-02,299.2,321.65,326.15,312.15,305.25,281.8,249.6
2024-12-03,297.7,299.2,321.65,326.15,308.35,280.75,245.9
2024-12-04,305.95,297.7,299.2,321.65,312.15,279.75,242.95
2024-12-05,315.75,305.95,297.7,299.2,326.15,295.3,245.95
2024-12-06,332.5,315.75,305.95,297.7,321.65,298.65,250.15
2024-12-09,332.3,332.5,315.75,305.95,299.2,305.25,248.75
2024-12-10,335.65,332.3,332.5,315.75,297.7,308.35,260.4
2024-12-11,321.7,335.65,332.3,332.5,305.95,312.15,253.35
2024-12-12,322.6,321.7,335.65,332.3,315.75,326.15,256.2
2024-12-13,320.85,322.6,321.7,335.65,332.5,321.65,263.55
2024-12-16,328.75,320.85,322.6,321.7,332.3,299.2,271.65
2024-12-17,325.45,328.75,320.85,322.6,335.65,297.7,278.95
2024-12-18,333.15,325.45,328.75,320.85,321.7,305.95,281.8
2024-12-19,323.75,333.15,325.45,328.75,322.6,315.75,280.75
2024-12-20,325.0,323.75,333.15,325.45,320.85,332.5,279.75
2024-12-23,327.25,325.0,323.75,333.15,328.75,332.3,295.3
2024-12-24,328.6,327.25,325.0,323.75,325.45,335.65,298.65
2024-12-26,324.65,328.6,327.25,325.0,333.15,321.7,305.25
2024-12-27,322.65,324.65,328.6,327.25,323.75,322.6,308.35
2024-12-30,321.0,322.65,324.65,328.6,325.0,320.85,312.15
2024-12-31,319.75,321.0,322.65,324.65,327.25,328.75,326.15
2025-01-02,326.85,319.75,321.0,322.65,328.6,325.45,321.65
2025-01-03,318.65,326.85,319.75,321.0,324.65,333.15,299.2
2025-01-06,318.6,318.65,326.85,319.75,322.65,323.75,297.7
2025-01-07,320.5,318.6,318.65,326.85,321.0,325.0,305.95
2025-01-08,316.45,320.5,318.6,318.65,319.75,327.25,315.75
2025-01-09,318.5,316.45,320.5,318.6,326.85,328.6,332.5
2025-01-10,323.85,318.5,316.45,320.5,318.65,324.65,332.3
2025-01-13,325.95,323.85,318.5,316.45,318.6,322.65,335.65
2025-01-14,321.95,325.95,323.85,318.5,320.5,321.0,321.7
2025-01-15,330.45,321.95,325.95,323.85,316.45,319.75,322.6
2025-01-16,327.15,330.45,321.95,325.95,318.5,326.85,320.85
2025-01-17,328.35,327.15,330.45,321.95,323.85,318.65,328.75
2025-01-21,327.8,328.35,327.15,330.45,325.95,318.6,325.45
2025-01-22,341.85,327.8,328.35,327.15,321.95,320.5,333.15
2025-01-23,343.95,341.85,327.8,328.35,330.45,316.45,323.75
2025-01-24,347.55,343.95,341.85,327.8,327.15,318.5,325.0
2025-01-27,349.2,347.55,343.95,341.85,328.35,323.85,327.25
2025-01-28,357.5,349.2,347.55,343.95,327.8,325.95,328.6
2025-01-29,366.55,357.5,349.2,347.55,341.85,321.95,324.65
2025-01-30,373.4,366.55,357.5,349.2,343.95,330.45,322.65
2025-01-31,377.85,373.4,366.55,357.5,347.55,327.15,321.0
2025-02-03,380.9,377.85,373.4,366.55,349.2,328.35,319.75
2025-02-04,383.35,380.9,377.85,373.4,357.5,327.8,326.85
2025-02-05,397.75,383.35,380.9,377.85,366.55,341.85,318.65
2025-02-06,403.95,397.75,383.35,380.9,373.4,343.95,318.6
2025-02-07,404.35,403.95,397.75,383.35,377.85,347.55,320.5
2025-02-10,421.1,404.35,403.95,397.75,380.9,349.2,316.45
2025-02-11,404.4,421.1,404.35,403.95,383.35,357.5,318.5
2025-02-12,420.2,404.4,421.1,404.35,397.75,366.55,323.85
2025-02-13,425.1,420.2,404.4,421.1,403.95,373.4,325.95
2025-02-14,407.4,425.1,420.2,404.4,404.35,377.85,321.95
2025-02-18,405.25,407.4,425.1,420.2,421.1,380.9,330.45
2025-02-19,411.9,405.25,407.4,425.1,404.4,383.35,327.15
2025-02-20,389.9,411.9,405.25,407.4,420.2,397.75,328.35
2025-02-21,389.25,389.9,411.9,405.25,425.1,403.95,327.8
2025-02-24,384.8,389.25,389.9,411.9,407.4,404.35,341.85
2025-02-25,375.9,384.8,389.25,389.9,405.25,421.1,343.95
2025-02-26,375.2,375.9,384.8,389.25,411.9,404.4,347.55
2025-02-27,373.6,375.2,375.9,384.8,389.9,420.2,349.2
2025-02-28,373.05,373.6,375.2,375.9,389.25,425.1,357.5
2025-03-03,386.65,373.05,373.6,375.2,384.8,407.4,366.55
2025-03-04,398.4,386.65,373.05,373.6,375.9,405.25,373.4
2025-03-05,409.95,398.4,386.65,373.05,375.2,411.9,377.85
2025-03-06,387.15,409.95,398.4,386.65,373.6,389.9,380.9
2025-03-07,384.4,387.15,409.95,398.4,373.05,389.25,383.35
2025-03-10,384.0,384.4,387.15,409.95,386.65,384.8,397.75
2025-03-11,393.75,384.0,384.4,387.15,398.4,375.9,403.95
2025-03-12,386.75,393.75,384.0,384.4,409.95,375.2,404.35
2025-03-13,385.7,386.75,393.75,384.0,387.15,373.6,421.1
2025-03-14,382.1,385.7,386.75,393.75,384.4,373.05,404.4
2025-03-17,389.35,382.1,385.7,386.75,384.0,386.65,420.2
2025-03-18,387.15,389.35,382.1,385.7,393.75,398.4,425.1
2025-03-19,394.6,387.15,389.35,382.1,386.75,409.95,407.4
2025-03-20,392.15,394.6,387.15,389.35,385.7,387.15,405.25
2025-03-21,391.4,392.15,394.6,387.15,382.1,384.4,411.9
2025-03-24,393.4,391.4,392.15,394.6,389.35,384.0,389.9
2025-03-25,398.55,393.4,391.4,392.15,387.15,393.75,389.25
2025-03-26,392.0,398.55,393.4,391.4,394.6,386.75,384.8
2025-03-27,378.8,392.0,398.55,393.4,392.15,385.7,375.9
2025-03-28,379.95,378.8,392.0,398.55,391.4,382.1,375.2
2025-03-31,379.75,379.95,378.8,392.0,393.4,389.35,373.6
2025-04-01,389.05,379.75,379.95,378.8,398.55,387.15,373.05
2025-04-02,388.85,389.05,379.75,379.95,392.0,394.6,386.65
2025-04-03,385.25,388.85,389.05,379.75,378.8,392.15,398.4
2025-04-04,365.7,385.25,388.85,389.05,379.95,391.4,409.95
2025-04-07,344.8,365.7,385.25,388.85,379.75,393.4,387.15
2025-04-08,342.9,344.8,365.7,385.25,389.05,398.55,384.4
2025-04-09,341.7,342.9,344.8,365.7,388.85,392.0,384.0
2025-04-10,342.85,341.7,342.9,344.8,385.25,378.8,393.75
2025-04-11,357.7,342.85,341.7,342.9,365.7,379.95,386.75
2025-04-14,358.5,357.7,342.85,341.7,344.8,379.75,385.7
2025-04-15,367.15,358.5,357.7,342.85,342.9,389.05,382.1
2025-04-16,373.8,367.15,358.5,357.7,341.7,388.85,389.35
2025-04-17,372.6,373.8,367.15,358.5,342.85,385.25,387.15
2025-04-21,364.55,372.6,373.8,367.15,357.7,365.7,394.6
2025-04-22,372.75,364.55,372.6,373.8,358.5,344.8,392.15
2025-04-23,385.75,372.75,364.55,372.6,367.15,342.9,391.4
2025-04-24,398.8,385.75,372.75,364.55,373.8,341.7,393.4
2025-04-25,399.85,398.8,385.75,372.75,372.6,342.85,398.55
2025-04-28,410.05,399.85,398.8,385.75,364.55,357.7,392.0
2025-04-29,399.8,410.05,399.85,398.8,372.75,358.5,378.8
2025-04-30,400.75,399.8,410.05,399.85,385.75,367.15,379.95
2025-05-01,384.65,400.75,399.8,410.05,398.8,373.8,379.75
2025-05-02,385.4,384.65,400.75,399.8,399.85,372.6,389.05
2025-05-05,388.25,385.4,384.65,400.75,410.05,364.55,388.85
2025-05-06,389.85,388.25,385.4,384.65,399.8,372.75,385.25
2025-05-07,384.1,389.85,388.25,385.4,400.75,385.75,365.7
2025-05-08,387.35,384.1,389.85,388.25,384.65,398.8,344.8
2025-05-09,387.75,387.35,384.1,389.85,385.4,399.85,342.9
2025-05-12,372.95,387.75,387.35,384.1,388.25,410.05,341.7
2025-05-13,384.85,372.95,387.75,387.35,389.85,399.8,342.85
2025-05-14,373.95,384.85,372.95,387.75,384.1,400.75,357.7
2025-05-15,384.95,373.95,384.85,372.95,387.35,384.65,358.5
2025-05-16,376.25,384.95,373.95,384.85,387.75,385.4,367.15
2025-05-19,376.15,376.25,384.95,373.95,372.95,388.25,373.8
2025-05-20,369.3,376.15,376.25,384.95,384.85,389.85,372.6
2025-05-21,370.3,369.3,376.15,376.25,373.95,384.1,364.55
2025-05-22,360.75,370.3,369.3,376.15,384.95,387.35,372.75
2025-05-23,361.0,360.75,370.3,369.3,376.25,387.75,385.75
2025-05-27,361.7,361.0,360.75,370.3,376.15,372.95,398.8
2025-05-28,351.95,361.7,361.0,360.75,369.3,384.85,399.85
2025-05-29,348.4,351.95,361.7,361.0,370.3,373.95,410.05
2025-05-30,342.45,348.4,351.95,361.7,360.75,384.95,399.8
2025-06-02,344.45,342.45,348.4,351.95,361.0,376.25,400.75
2025-06-03,340.85,344.45,342.45,348.4,361.7,376.15,384.65
2025-06-04,346.15,340.85,344.45,342.45,351.95,369.3,385.4
2025-06-05,359.75,346.15,340.85,344.45,348.4,370.3,388.25
2025-06-06,358.05,359.75,346.15,340.85,342.45,360.75,389.85
2025-06-09,359.4,358.05,359.75,346.15,344.45,361.0,384.1
2025-06-10,353.05,359.4,358.05,359.75,340.85,361.7,387.35
2025-06-11,348.6,353.05,359.4,358.05,346.15,351.95,387.75
2025-06-12,345.3,348.6,353.05,359.4,359.75,348.4,372.95
2025-06-13,346.0,345.3,348.6,353.05,358.05,342.45,384.85
2025-06-16,340.25,346.0,345.3,348.6,359.4,344.45,373.95
2025-06-17,332.45,340.25,346.0,345.3,353.05,340.85,384.95
2025-06-18,322.3,332.45,340.25,346.0,348.6,346.15,376.25
2025-06-20,315.05,322.3,332.45,340.25,345.3,359.75,376.15
2025-06-23,326.55,315.05,322.3,332.45,346.0,358.05,369.3
2025-06-24,311.35,326.55,315.05,322.3,340.25,359.4,370.3
2025-06-25,304.5,311.35,326.55,315.05,332.45,353.05,360.75
2025-06-26,305.65,304.5,311.35,326.55,322.3,348.6,361.0
2025-06-27,303.75,305.65,304.5,311.35,315.05,345.3,361.7
2025-06-30,300.1,303.75,305.65,304.5,326.55,346.0,351.95
2025-07-01,291.95,300.1,303.75,305.65,311.35,340.25,348.4
2025-07-02,291.2,291.95,300.1,303.75,304.5,332.45,342.45
2025-07-03,289.6,291.2,291.95,300.1,305.65,322.3,344.45
2025-07-07,278.25,289.6,291.2,291.95,303.75,315.05,340.85
2025-07-08,285.6,278.25,289.6,291.2,300.1,326.55,346.15
2025-07-09,284.05,285.6,278.25,289.6,291.95,311.35,359.75
2025-07-10,287.8,284.05,285.6,278.25,291.2,304.5,358.05
2025-07-11,286.5,287.8,284.05,285.6,289.6,305.65,359.4
2025-07-14,301.85,286.5,287.8,284.05,278.25,303.75,353.05
2025-07-15,301.6,301.85,286.5,287.8,285.6,300.1,348.6
2025-07-16,314.55,301.6,301.85,286.5,284.05,291.95,345.3
2025-07-17,312.5,314.55,301.6,301.85,287.8,291.2,346.0
2025-07-18,308.9,312.5,314.55,301.6,286.5,289.6,340.25
2025-07-21,297.25,308.9,312.5,314.55,301.85,278.25,332.45
2025-07-22,296.35,297.25,308.9,312.5,301.6,285.6,322.3
2025-07-23,301.35,296.35,297.25,308.9,314.55,284.05,315.05
2025-07-24,304.85,301.35,296.35,297.25,312.5,287.8,326.55
2025-07-25,297.55,304.85,301.35,296.35,308.9,286.5,311.35
2025-07-28,301.7,297.55,304.85,301.35,297.25,301.85,304.5
2025-07-29,296.5,301.7,297.55,304.85,296.35,301.6,305.65
2025-07-30,293.4,296.5,301.7,297.55,301.35,314.55,303.75
2025-07-31,295.8,293.4,296.5,301.7,304.85,312.5,300.1
2025-08-01,284.2,295.8,293.4,296.5,297.55,308.9,291.95
2025-08-04,288.55,284.2,295.8,293.4,301.7,297.25,291.2
2025-08-05,298.7,288.55,284.2,295.8,296.5,296.35,289.6
2025-08-06,293.4,298.7,288.55,284.2,293.4,301.35,278.25
2025-08-07,297.8,293.4,298.7,288.55,295.8,304.85,285.6
2025-08-08,309.35,297.8,293.4,298.7,284.2,297.55,284.05
2025-08-11,314.05,309.35,297.8,293.4,288.55,301.7,287.8
2025-08-12,308.3,314.05,309.35,297.8,298.7,296.5,286.5
2025-08-13,312.65,308.3,314.05,309.35,293.4,293.4,301.85
2025-08-14,318.7,312.65,308.3,314.05,297.8,295.8,301.6
2025-08-15,334.2,318.7,312.65,308.3,309.35,284.2,314.55
2025-08-18,336.05,334.2,318.7,312.65,314.05,288.55,312.5
2025-08-19,349.05,336.05,334.2,318.7,308.3,298.7,308.9
2025-08-20,353.45,349.05,336.05,334.2,312.65,293.4,297.25
2025-08-21,365.0,353.45,349.05,336.05,318.7,297.8,296.35
2025-08-22,378.3,365.0,353.45,349.05,334.2,309.35,301.35
2025-08-25,377.75,378.3,365.0,353.45,336.05,314.05,304.85
2025-08-26,372.3,377.75,378.3,365.0,349.05,308.3,297.55
2025-08-27,385.3,372.3,377.75,378.3,353.45,312.65,301.7
2025-08-28,377.5,385.3,372.3,377.75,365.0,318.7,296.5
2025-08-29,386.1,377.5,385.3,372.3,378.3,334.2,293.4
2025-09-02,370.35,386.1,377.5,385.3,377.75,336.05,295.8
2025-09-03,373.65,370.35,386.1,377.5,372.3,349.05,284.2
2025-09-04,374.4,373.65,370.35,386.1,385.3,353.45,288.55
2025-09-05,373.65,374.4,373.65,370.35,377.5,365.0,298.7
2025-09-08,384.85,373.65,374.4,373.65,386.1,378.3,293.4
2025-09-09,381.8,384.85,373.65,374.4,370.35,377.75,297.8
2025-09-10,386.9,381.8,384.85,373.65,373.65,372.3,309.35
2025-09-11,386.1,386.9,381.8,384.85,374.4,385.3,314.05
2025-09-12,410.65,386.1,386.9,381.8,373.65,377.5,308.3
2025-09-15,432.35,410.65,386.1,386.9,384.85,386.1,312.65
2025-09-16,422.25,432.35,410.65,386.1,381.8,370.35,318.7
2025-09-17,388.55,422.25,432.35,410.65,386.9,373.65,334.2
2025-09-18,385.85,388.55,422.25,432.35,386.1,374.4,336.05
2025-09-19,366.5,385.85,388.55,422.25,410.65,373.65,349.05
2025-09-22,367.35,366.5,385.85,388.55,432.35,384.85,353.45
2025-09-23,350.15,367.35,366.5,385.85,422.25,381.8,365.0
2025-09-24,367.75,350.15,367.35,366.5,388.55,386.9,378.3
2025-09-25,371.35,367.75,350.15,367.35,385.85,386.1,377.75
2025-09-26,378.05,371.35,367.75,350.15,366.5,410.65,372.3
2025-09-29,372.2,378.05,371.35,367.75,367.35,432.35,385.3
2025-09-30,374.85,372.2,378.05,371.35,350.15,422.25,377.5
2025-10-01,383.9,374.85,372.2,378.05,367.75,388.55,386.1
2025-10-02,378.1,383.9,374.85,372.2,371.35,385.85,370.35
2025-10-03,390.75,378.1,383.9,374.85,378.05,366.5,373.65
2025-10-06,381.35,390.75,378.1,383.9,372.2,367.35,374.4
2025-10-07,375.4,381.35,390.75,378.1,374.85,350.15,373.65
2025-10-08,385.1,375.4,381.35,390.75,383.9,367.75,384.85
2025-10-09,377.25,385.1,375.4,381.35,378.1,371.35,381.8
2025-10-10,373.05,377.25,385.1,375.4,390.75,378.05,386.9
2025-10-13,385.2,373.05,377.25,385.1,381.35,372.2,386.1
2025-10-14,399.65,385.2,373.05,377.25,375.4,374.85,410.65
2025-10-15,394.9,399.65,385.2,373.05,385.1,383.9,432.35
2025-10-16,393.8,394.9,399.65,385.2,377.25,378.1,422.25
2025-10-17,397.45,393.8,394.9,399.65,373.05,390.75,388.55
2025-10-20,406.05,397.45,393.8,394.9,385.2,381.35,385.85
2025-10-21,413.55,406.05,397.45,393.8,399.65,375.4,366.5
2025-10-22,420.85,413.55,406.05,397.45,394.9,385.1,367.35
2025-10-23,410.15,420.85,413.55,406.05,393.8,377.25,350.15
2025-10-24,403.0,410.15,420.85,413.55,397.45,373.05,367.75
2025-10-27,390.1,403.0,410.15,420.85,406.05,385.2,371.35
2025-10-28,387.9,390.1,403.0,410.15,413.55,399.65,378.05
2025-10-29,390.7,387.9,390.1,403.0,420.85,394.9,372.2
2025-10-30,392.0,390.7,387.9,390.1,410.15,393.8,374.85
2025-10-31,392.05,392.0,390.7,387.9,403.0,397.45,383.9
2025-11-03,406.65,392.05,392.0,390.7,390.1,406.05,378.1
2025-11-04,405.25,406.65,392.05,392.0,387.9,413.55,390.75
2025-11-05,413.6,405.25,406.65,392.05,390.7,420.85,381.35
2025-11-06,396.75,413.6,405.25,406.65,392.0,410.15,375.4
2025-11-07,407.8,396.75,413.6,405.25,392.05,403.0,385.1
2025-11-10,414.75,407.8,396.75,413.6,406.65,390.1,377.25
2025-11-11,422.7,414.75,407.8,396.75,405.25,387.9,373.05
2025-11-12,403.65,422.7,414.75,407.8,413.6,390.7,385.2
2025-11-13,401.7,403.65,422.7,414.75,396.75,392.0,399.65
2025-11-14,399.8,401.7,403.65,422.7,407.8,392.05,394.9
2025-11-17,376.6,399.8,401.7,403.65,414.75,406.65,393.8
2025-11-18,387.7,376.6,399.8,401.7,422.7,405.25,397.45
2025-11-19,374.85,387.7,376.6,399.8,403.65,413.6,406.05
2025-11-20,376.65,374.85,387.7,376.6,401.7,396.75,413.55
2025-11-21,369.45,376.65,374.85,387.7,399.8,407.8,420.85
2025-11-24,376.55,369.45,376.65,374.85,376.6,414.75,410.15
2025-11-25,383.3,376.55,369.45,376.65,387.7,422.7,403.0
2025-11-26,379.7,383.3,376.55,369.45,374.85,403.65,390.1
2025-11-28,381.2,379.7,383.3,376.55,376.65,401.7,387.9
2025-12-01,379.7,381.2,379.7,383.3,369.45,399.8,390.7
2025-12-02,373.45,379.7,381.2,379.7,376.55,376.6,392.0
2025-12-03,372.45,373.45,379.7,381.2,383.3,387.7,392.05
2025-12-04,380.5,372.45,373.45,379.7,379.7,374.85,406.65
2025-12-05,374.85,380.5,372.45,373.45,381.2,376.65,405.25
2025-12-08,366.2,374.85,380.5,372.45,379.7,369.45,413.6
2025-12-09,368.75,366.2,374.85,380.5,373.45,376.55,396.75
2025-12-10,372.3,368.75,366.2,374.85,372.45,383.3,407.8
2025-12-11,376.2,372.3,368.75,366.2,380.5,379.7,414.75
2025-12-12,369.3,376.2,372.3,368.75,374.85,381.2,422.7
2025-12-15,387.7,369.3,376.2,372.3,366.2,379.7,403.65
2025-12-16,379.3,387.7,369.3,376.2,368.75,373.45,401.7
2025-12-17,351.9,379.3,387.7,369.3,372.3,372.45,399.8
2025-12-18,345.45,351.9,379.3,387.7,376.2,380.5,376.6
2025-12-19,340.65,345.45,351.9,379.3,369.3,374.85,387.7
2025-12-22,347.35,340.65,345.45,351.9,387.7,366.2,374.85
2025-12-23,346.95,347.35,340.65,345.45,379.3,368.75,376.65
2025-12-24,345.15,346.95,347.35,340.65,351.9,372.3,369.45
2025-12-26,350.25,345.15,346.95,347.35,345.45,376.2,376.55
2025-12-29,352.15,350.25,345.15,346.95,340.65,369.3,383.3
2025-12-30,350.2,352.15,350.25,345.15,347.35,387.7,379.7
2025-12-31,348.75,350.2,352.15,350.25,346.95,379.3,381.2
2026-01-02,357.3,348.75,350.2,352.15,345.15,351.9,379.7
2026-01-05,359.35,357.3,348.75,350.2,350.25,345.45,373.45
2026-01-06,373.85,359.35,357.3,348.75,352.15,340.65,372.45
2026-01-07,375.45,373.85,359.35,357.3,350.2,347.35,380.5
2026-01-08,372.35,375.45,373.85,359.35,348.75,346.95,374.85
2026-01-09,357.65,372.35,375.45,373.85,357.3,345.15,366.2
2026-01-12,356.05,357.65,372.35,375.45,359.35,350.25,368.75
2026-01-13,360.25,356.05,357.65,372.35,373.85,352.15,372.3
2026-01-14,356.0,360.25,356.05,357.65,375.45,350.2,376.2
2026-01-15,358.1,356.0,360.25,356.05,372.35,348.75,369.3
2026-01-16,355.3,358.1,356.0,360.25,357.65,357.3,387.7
2026-01-20,346.5,355.3,358.1,356.0,356.05,359.35,379.3
2026-01-21,347.5,346.5,355.3,358.1,360.25,373.85,351.9
2026-01-22,347.7,347.5,346.5,355.3,356.0,375.45,345.45
2026-01-23,350.9,347.7,347.5,346.5,358.1,372.35,340.65
2026-01-26,356.25,350.9,347.7,347.5,355.3,357.65,347.35
2026-01-27,367.25,356.25,350.9,347.7,346.5,356.05,346.95
2026-01-28,351.0,367.25,356.25,350.9,347.5,360.25,345.15
2026-01-29,345.5,351.0,367.25,356.25,347.7,356.0,350.25
2026-01-30,332.25,345.5,351.0,367.25,350.9,358.1,352.15
2026-02-02,333.25,332.25,345.5,351.0,356.25,355.3,350.2
2026-02-03,317.1,333.25,332.25,345.5,367.25,346.5,348.75
2026-02-04,308.65,317.1,333.25,332.25,351.0,347.5,357.3
2026-02-05,308.4,308.65,317.1,333.25,345.5,347.7,359.35
2026-02-06,296.55,308.4,308.65,317.1,332.25,350.9,373.85
2026-02-09,293.85,296.55,308.4,308.65,333.25,356.25,375.45
2026-02-10,290.7,293.85,296.55,308.4,317.1,367.25,372.35
2026-02-11,292.85,290.7,293.85,296.55,308.65,351.0,357.65
2026-02-12,297.45,292.85,290.7,293.85,308.4,345.5,356.05
2026-02-13,298.3,297.45,292.85,290.7,296.55,332.25,360.25
2026-02-17,283.1,298.3,297.45,292.85,293.85,333.25,356.0
2026-02-18,285.15,283.1,298.3,297.45,290.7,317.1,358.1
2026-02-19,285.4,285.15,283.1,298.3,292.85,308.65,355.3
2026-02-20,285.7,285.4,285.15,283.1,297.45,308.4,346.5
2026-02-23,278.05,285.7,285.4,285.15,298.3,296.55,347.5
2026-02-24,285.5,278.05,285.7,285.4,283.1,293.85,347.7
2026-02-25,284.85,285.5,278.05,285.7,285.15,290.7,350.9
2026-02-26,282.3,284.85,285.5,278.05,285.4,292.85,356.25
2026-02-27,280.75,282.3,284.85,285.5,285.7,297.45,367.25
2026-03-02,284.6,280.75,282.3,284.85,278.05,298.3,351.0
2026-03-03,283.15,284.6,280.75,282.3,285.5,283.1,345.5
2026-03-04,286.25,283.15,284.6,280.75,284.85,285.15,332.25
2026-03-05,288.8,286.25,283.15,284.6,282.3,285.4,333.25
2026-03-06,293.3,288.8,286.25,283.15,280.75,285.7,317.1
2026-03-09,296.9,293.3,288.8,286.25,284.6,278.05,308.65
2026-03-10,295.8,296.9,293.3,288.8,283.15,285.5,308.4
2026-03-11,287.4,295.8,296.9,293.3,286.25,284.85,296.55
2026-03-12,291.9,287.4,295.8,296.9,288.8,282.3,293.85
2026-03-13,285.15,291.9,287.4,295.8,293.3,280.75,290.7
2026-03-16,297.75,285.15,291.9,287.4,296.9,284.6,292.85
2026-03-17,302.05,297.75,285.15,291.9,295.8,283.15,297.45
2026-03-18,299.7,302.05,297.75,285.15,287.4,286.25,298.3
2026-03-19,306.2,299.7,302.05,297.75,291.9,288.8,283.1
2026-03-20,309.75,306.2,299.7,302.05,285.15,293.3,285.15
2026-03-23,307.0,309.75,306.2,299.7,297.75,296.9,285.4
2026-03-24,317.85,307.0,309.75,306.2,302.05,295.8,285.7
2026-03-25,316.1,317.85,307.0,309.75,299.7,287.4,278.05
2026-03-26,307.65,316.1,317.85,307.0,306.2,291.9,285.5
2026-03-27,301.7,307.65,316.1,317.85,309.75,285.15,284.85
2026-03-30,292.55,301.7,307.65,316.1,307.0,297.75,282.3
2026-03-31,298.35,292.55,301.7,307.65,317.85,302.05,280.75
2026-04-01,297.8,298.35,292.55,301.7,316.1,299.7,284.6
2026-04-02,295.4,297.8,298.35,292.55,307.65,306.2,283.15
2026-04-06,298.05,295.4,297.8,298.35,301.7,309.75,286.25
2026-04-07,286.1,298.05,295.4,297.8,292.55,307.0,288.8
2026-04-08,294.05,286.1,298.05,295.4,298.35,317.85,293.3
2026-04-09,293.7,294.05,286.1,298.05,297.8,316.1,296.9
2026-04-10,300.1,293.7,294.05,286.1,295.4,307.65,295.8
2026-04-13,296.25,300.1,293.7,294.05,298.05,301.7,287.4
2026-04-14,297.6,296.25,300.1,293.7,286.1,292.55,291.9
2026-04-15,298.25,297.6,296.25,300.1,294.05,298.35,285.15
2026-04-16,290.4,298.25,297.6,296.25,293.7,297.8,297.75
2026-04-17,284.25,290.4,298.25,297.6,300.1,295.4,302.05
2026-04-20,287.75,284.25,290.4,298.25,296.25,298.05,299.7
2026-04-21,282.65,287.75,284.25,290.4,297.6,286.1,306.2
2026-04-22,289.15,282.65,287.75,284.25,298.25,294.05,309.75
2026-04-23,300.35,289.15,282.65,287.75,290.4,293.7,307.0
2026-04-24,294.9,300.35,289.15,282.65,284.25,300.1,317.85
2026-04-27,288.5,294.9,300.35,289.15,287.75,296.25,316.1
2026-04-28,290.7,288.5,294.9,300.35,282.65,297.6,307.65
2026-04-29,290.7,290.7,288.5,294.9,289.15,298.25,301.7
2026-04-30,285.55,290.7,290.7,288.5,300.35,290.4,292.55
2026-05-01,286.4,285.55,290.7,290.7,294.9,284.25,298.35
2026-05-04,285.5,286.4,285.55,290.7,288.5,287.75,297.8
2026-05-05,289.75,285.5,286.4,285.55,290.7,282.65,295.4
2026-05-06,283.85,289.75,285.5,286.4,290.7,289.15,298.05
2026-05-07,273.25,283.85,289.75,285.5,285.55,300.35,286.1
2026-05-08,274.8,273.25,283.85,289.75,286.4,294.9,294.05
2026-05-11,282.3,274.8,273.25,283.85,285.5,288.5,293.7
2026-05-12,294.8,282.3,274.8,273.25,289.75,290.7,300.1
2026-05-13,296.25,294.8,282.3,274.8,283.85,290.7,296.25
2026-05-14,294.45,296.25,294.8,282.3,273.25,285.55,297.6
2026-05-15,284.6,294.45,296.25,294.8,274.8,286.4,298.25
2026-05-18,276.2,284.6,294.45,296.25,282.3,285.5,290.4
2026-05-19,270.15,276.2,284.6,294.45,294.8,289.75,284.25
2026-05-20,268.3,270.15,276.2,284.6,296.25,283.85,287.75
2026-05-21,273.4,268.3,270.15,276.2,294.45,273.25,282.65
2026-05-22,272.35,273.4,268.3,270.15,284.6,274.8,289.15
2026-05-26,274.0,272.35,273.4,268.3,276.2,282.3,300.35
2026-05-27,269.85,274.0,272.35,273.4,270.15,294.8,294.9
2026-05-28,274.25,269.85,274.0,272.35,268.3,296.25,288.5
2026-05-29,265.6,274.25,269.85,274.0,273.4,294.45,290.7
2026-06-01,260.6,265.6,274.25,269.85,272.35,284.6,290.7
2026-06-02,259.2,260.6,265.6,274.25,274.0,276.2,285.55
2026-06-03,253.1,259.2,260.6,265.6,269.85,270.15,286.4
2026-06-04,247.15,253.1,259.2,260.6,274.25,268.3,285.5
2026-06-05,246.5,247.15,253.1,259.2,265.6,273.4,289.75
2026-06-08,241.65,246.5,247.15,253.1,260.6,272.35,283.85
2026-06-09,240.9,241.65,246.5,247.15,259.2,274.0,273.25
2026-06-10,244.6,240.9,241.65,246.5,253.1,269.85,274.8
2026-06-11,250.25,244.6,240.9,241.65,247.15,274.25,282.3
2026-06-12,253.4,250.25,244.6,240.9,246.5,265.6,294.8
2026-06-15,259.2,253.4,250.25,244.6,241.65,260.6,296.25
2026-06-16,272.8,259.2,253.4,250.25,240.9,259.2,294.45
2026-06-17,271.9,272.8,259.2,253.4,244.6,253.1,284.6
2026-06-18,267.8,271.9,272.8,259.2,250.25,247.15,276.2
2026-06-22,267.0,267.8,271.9,272.8,253.4,246.5,270.15
2026-06-23,275.95,267.0,267.8,271.9,259.2,241.65,268.3
2026-06-24,277.2,275.95,267.0,267.8,272.8,240.9,273.4
2026-06-25,276.4,277.2,275.95,267.0,271.9,244.6,272.35
2026-06-26,273.2,276.4,277.2,275.95,267.8,250.25,274.0
2026-06-29,277.8,273.2,276.4,277.2,267.0,253.4,269.85
2026-06-30,296.45,277.8,273.2,276.4,275.95,259.2,274.25
2026-07-01,309.9,296.45,277.8,273.2,277.2,272.8,265.6
2026-07-02,301.2,309.9,296.45,277.8,276.4,271.9,260.6
2026-07-06,349.95,301.2,309.9,296.45,273.2,267.8,259.2
2026-07-07,317.6,349.95,301.2,309.9,277.8,267.0,253.1
2026-07-08,309.8,317.6,349.95,301.2,296.45,275.95,247.15
2026-07-09,347.9,309.8,317.6,349.95,309.9,277.2,246.5
2026-07-10,334.25,347.9,309.8,317.6,301.2,276.4,241.65
2026-07-13,330.0,334.25,347.9,309.8,349.95,273.2,240.9
2026-07-14,326.1,330.0,334.25,347.9,317.6,277.8,244.6
2026-07-15,334.45,326.1,330.0,334.25,309.8,296.45,250.25
2026-07-16,321.3,334.45,326.1,330.0,347.9,309.9,253.4
2026-07-17,328.45,321.3,334.45,326.1,334.25,301.2,259.2
2026-07-20,334.4,328.45,321.3,334.45,330.0,349.95,272.8
2026-07-21,331.95,334.4,328.45,321.3,326.1,317.6,271.9
2026-07-22,316.65,331.95,334.4,328.45,334.45,309.8,267.8
2026-07-23,309.4,316.65,331.95,334.4,321.3,347.9,267.0
2026-07-24,313.8,309.4,316.65,331.95,328.45,334.25,275.95
2026-07-27,305.9,313.8,309.4,316.65,334.4,330.0,277.2
2026-07-28,317.3,305.9,313.8,309.4,331.95,326.1,276.4
2026-07-29,308.55,317.3,305.9,313.8,316.65,334.45,273.2
2026-07-30,307.7,308.55,317.3,305.9,309.4,321.3,277.8
2026-07-31,314.65,307.7,308.55,317.3,313.8,328.45,296.45
2026-08-03,304.7,314.65,307.7,308.55,305.9,334.4,309.9
2026-08-04,308.8,304.7,314.65,307.7,317.3,331.95,301.2
2026-08-05,311.45,308.8,304.7,314.65,308.55,316.65,349.95
2026-08-06,306.1,311.45,308.8,304.7,307.7,309.4,317.6
2026-08-07,315.9,306.1,311.45,308.8,314.65,313.8,309.8
2026-08-10,313.9,315.9,306.1,311.45,304.7,305.9,347.9
2026-08-11,315.7,313.9,315.9,306.1,308.8,317.3,334.25
2026-08-12,319.95,315.7,313.9,315.9,311.45,308.55,330.0
2026-08-13,312.8,319.95,315.7,313.9,306.1,307.7,326.1
2026-08-14,314.3,312.8,319.95,315.7,315.9,314.65,334.45
2026-08-17,317.9,314.3,312.8,319.95,313.9,304.7,321.3
2026-08-18,332.45,317.9,314.3,312.8,315.7,308.8,328.45
2026-08-19,328.2,332.45,317.9,314.3,319.95,311.45,334.4
2026-08-20,329.3,328.2,332.45,317.9,312.8,306.1,331.95
2026-08-21,322.65,329.3,328.2,332.45,314.3,315.9,316.65
2026-08-24,341.65,322.65,329.3,328.2,317.9,313.9,309.4
2026-08-25,335.5,341.65,322.65,329.3,332.45,315.7,313.8
2026-08-26,322.15,335.5,341.65,322.65,328.2,319.95,305.9
2026-08-27,309.65,322.15,335.5,341.65,329.3,312.8,317.3
2026-08-28,312.85,309.65,322.15,335.5,322.65,314.3,308.55
2026-08-31,311.5,312.85,309.65,322.15,341.65,317.9,307.7
2026-09-01,309.45,311.5,312.85,309.65,335.5,332.45,314.65
2026-09-02,298.1,309.45,311.5,312.85,322.15,328.2,304.7
2026-09-03,295.35,298.1,309.45,311.5,309.65,329.3,308.8
2026-09-04,295.6,295.35,298.1,309.45,312.85,322.65,311.45
2026-09-08,291.3,295.6,295.35,298.1,311.5,341.65,306.1
2026-09-09,292.05,291.3,295.6,295.35,309.45,335.5,315.9
2026-09-10,288.15,292.05,291.3,295.6,298.1,322.15,313.9
2026-09-11,285.7,288.15,292.05,291.3,295.35,309.65,315.7
2026-09-14,290.5,285.7,288.15,292.05,295.6,312.85,319.95
2026-09-15,283.65,290.5,285.7,288.15,291.3,311.5,312.8
2026-09-16,281.55,283.65,290.5,285.7,292.05,309.45,314.3
2026-09-17,276.5,281.55,283.65,290.5,288.15,298.1,317.9
2026-09-18,280.5,276.5,281.55,283.65,285.7,295.35,332.45
