Дата;Цена;Откр.;Макс.;Мин.;Объём;Изм. %
18.09.2026;280,5;279;281;275,05;11,21K;1,45%
17.09.2026;276,5;280;280,7;274,6;13,39K;-1,79%
16.09.2026;281,55;283,85;285,45;277,05;13,69K;-0,74%
15.09.2026;283,65;287,5;290,8;282,35;13,91K;-2,36%
14.09.2026;290,5;283,55;292,75;281,5;14,36K;1,68%
11.09.2026;285,7;289;291,5;283,85;14,45K;-0,85%
10.09.2026;288,15;290;291,95;282,1;23,50K;-1,34%
09.09.2026;292,05;288,05;300,25;287,4;20,05K;0,26%
08.09.2026;291,3;295,8;296,3;286,6;24,20K;-1,45%
04.09.2026;295,6;296,1;300,85;292,75;15,19K;0,08%
03.09.2026;295,35;297,95;300;289,75;17,72K;-0,92%
02.09.2026;298,1;307,05;308,35;295,35;19,40K;-3,67%
01.09.2026;309,45;313,45;315,55;299,2;22,29K;-0,66%
31.08.2026;311,5;311,05;317,15;309,05;9,64K;-0,43%
28.08.2026;312,85;311,5;317;308,7;11,54K;1,03%
27.08.2026;309,65;316,9;317;306,45;23,39K;-3,88%
26.08.2026;322,15;332,05;333,05;319,8;16,61K;-3,98%
25.08.2026;335,5;342,8;345,65;329;17,57K;-1,80%
24.08.2026;341,65;324,9;342,55;321,5;22,62K;5,89%
21.08.2026;322,65;329;335,5;321,7;14,39K;-2,02%
20.08.2026;329,3;328,15;332,7;320,5;19,18K;0,34%
19.08.2026;328,2;330,65;337,15;323,2;22,26K;-1,28%
18.08.2026;332,45;317,5;333,25;315,05;24,61K;4,58%
17.08.2026;317,9;314,1;324,9;313,7;20,08K;1,15%
14.08.2026;314,3;312;319;308,95;21,47K;0,48%
13.08.2026;312,8;317,45;320,8;310,4;19,05K;-2,23%
12.08.2026;319,95;315,5;321,2;313,55;21,75K;1,35%
11.08.2026;315,7;314,55;327,55;312,5;22,19K;0,57%
10.08.2026;313,9;314,2;318,9;309,1;18,86K;-0,63%
07.08.2026;315,9;305,85;319,8;305,85;21,75K;3,20%
06.08.2026;306,1;310,7;314,1;303,5;12,73K;-1,72%
05.08.2026;311,45;309,6;316,25;307,05;16,59K;0,86%
04.08.2026;308,8;307,5;311;304;13,88K;1,35%
03.08.2026;304,7;313,75;314,8;302,6;16,61K;-3,16%
31.07.2026;314,65;310,35;316,85;305,05;12,69K;2,26%
30.07.2026;307,7;314,35;317,45;307,15;16,47K;-0,28%
29.07.2026;308,55;312,8;319,4;306,5;14,65K;-2,76%
28.07.2026;317,3;308,1;323,75;308,1;18,87K;3,73%
27.07.2026;305,9;298;311,1;297,8;16,42K;-2,52%
24.07.2026;313,8;311,5;318,55;306,4;14,17K;1,42%
23.07.2026;309,4;320,55;321,3;308,25;12,91K;-2,29%
22.07.2026;316,65;320,85;324,6;313,35;12,36K;-4,61%
21.07.2026;331,95;331,95;331,95;331,95;14,60K;-0,73%
20.07.2026;334,4;328,45;335,25;328,45;0,02K;1,81%
17.07.2026;328,45;328,45;328,45;328,45;14,66K;2,23%
16.07.2026;321,3;321,3;321,3;321,3;16,56K;-3,93%
15.07.2026;334,45;334,45;334,45;334,45;17,45K;2,56%
14.07.2026;326,1;328,9;352,4;322,85;21,79K;-1,18%
13.07.2026;330;335,1;340,25;321,5;19,00K;-1,27%
10.07.2026;334,25;340,7;340,7;318,6;31,07K;-3,92%
09.07.2026;347,9;314,05;348,55;313,5;34,37K;12,30%
08.07.2026;309,8;317,75;325;307,3;23,19K;-2,46%
07.07.2026;317,6;348;350;315,4;36,33K;-9,24%
06.07.2026;349,95;301;357;300,2;47,91K;16,19%
02.07.2026;301,2;313,5;316,8;300,05;27,60K;-2,81%
01.07.2026;309,9;299;316,4;293,1;38,01K;4,54%
30.06.2026;296,45;278;302,75;277,4;40,57K;6,71%
29.06.2026;277,8;272,4;279,55;268,8;17,10K;1,68%
26.06.2026;273,2;275,4;278,35;269,85;13,62K;-1,16%
25.06.2026;276,4;278,9;282,95;270,35;17,63K;-0,29%
24.06.2026;277,2;274,85;284,8;273,5;25,13K;0,45%
23.06.2026;275,95;265,9;279,8;262,35;25,60K;3,35%
22.06.2026;267;264;268,5;260,15;19,45K;-0,30%
18.06.2026;267,8;272,7;278,1;265;25,52K;-1,51%
17.06.2026;271,9;273;274,7;266,45;26,40K;-0,33%
16.06.2026;272,8;259,6;274,95;256,4;30,91K;5,25%
15.06.2026;259,2;252,4;261,1;252,25;23,18K;2,29%
12.06.2026;253,4;251,15;254,35;249,25;21,91K;1,26%
11.06.2026;250,25;243,65;251,7;243,6;25,64K;2,31%
10.06.2026;244,6;241,55;246;241;26,81K;1,54%
09.06.2026;240,9;241,65;244,65;238,85;26,41K;-0,31%
08.06.2026;241,65;242;246,1;240;19,98K;-1,97%
05.06.2026;246,5;248;249,2;243,3;26,62K;-0,26%
04.06.2026;247,15;252,75;254,1;246,85;19,03K;-2,35%
03.06.2026;253,1;261,1;261,7;252,4;19,79K;-2,35%
02.06.2026;259,2;260,7;262,3;258,15;12,71K;-0,54%
01.06.2026;260,6;265,85;269,4;259,55;17,19K;-1,88%
29.05.2026;265,6;273,25;274,6;265,3;14,22K;-3,15%
28.05.2026;274,25;271;278,4;270,95;13,92K;1,63%
27.05.2026;269,85;273,85;276,8;268,8;10,80K;-1,51%
26.05.2026;274;270,4;275,25;267,15;11,87K;0,61%
22.05.2026;272,35;273,85;274,8;270,7;8,18K;-0,38%
21.05.2026;273,4;268,8;274,3;266,5;12,68K;1,90%
20.05.2026;268,3;270;272;264,2;13,83K;-0,68%
19.05.2026;270,15;266,4;270,95;262,85;15,13K;-2,19%
18.05.2026;276,2;280;280;279,15;0,00K;-2,95%
15.05.2026;284,6;286,65;291,65;286,65;0,02K;-3,35%
14.05.2026;294,45;294,45;294,45;294,45;12,53K;-0,61%
13.05.2026;296,25;296;300;296;0,04K;0,49%
12.05.2026;294,8;295,5;297,35;295,5;0,02K;4,43%
11.05.2026;282,3;275,7;282,7;268;19,33K;2,73%
08.05.2026;274,8;273,2;278,45;272,35;17,05K;0,57%
07.05.2026;273,25;283,6;284,2;271,35;25,29K;-3,73%
06.05.2026;283,85;290;293,25;283,1;17,20K;-2,04%
05.05.2026;289,75;286;297,2;286;19,59K;1,49%
04.05.2026;285,5;287,1;291,15;284,85;12,78K;-0,31%
01.05.2026;286,4;285,7;290,7;281,3;12,99K;0,30%
30.04.2026;285,55;290,4;291,4;284,05;13,01K;-1,77%
29.04.2026;290,7;291,75;293,4;288,05;10,15K;0,00%
28.04.2026;290,7;289,65;294,6;288,75;10,18K;0,76%
27.04.2026;288,5;292;294,9;287,05;13,50K;-2,17%
24.04.2026;294,9;300,5;306,25;294,1;20,22K;-1,81%
23.04.2026;300,35;289,15;302,5;289,05;21,98K;3,87%
22.04.2026;289,15;289,15;291,3;287,05;14,54K;2,30%
21.04.2026;282,65;287,7;288,5;278,3;20,28K;-1,77%
20.04.2026;287,75;285;289,2;285;14,25K;1,23%
17.04.2026;284,25;291;292,85;283,05;18,58K;-2,12%
16.04.2026;290,4;297,25;297,9;287,1;17,20K;-2,63%
15.04.2026;298,25;298,1;299,3;294,75;16,33K;0,22%
14.04.2026;297,6;295,5;300,2;292,55;21,60K;0,46%
13.04.2026;296,25;294,6;300,75;293,2;22,14K;-1,28%
10.04.2026;300,1;293,65;301,25;291,8;22,92K;2,18%
09.04.2026;293,7;293,85;296,9;289,75;21,70K;-0,12%
08.04.2026;294,05;285;294,75;284,3;19,51K;2,78%
07.04.2026;286,1;297,7;298,4;285,55;21,27K;-4,01%
06.04.2026;298,05;295;299;294,15;6,62K;0,90%
02.04.2026;295,4;300,85;301,5;292,25;13,71K;-0,81%
01.04.2026;297,8;298;300,75;291,05;18,20K;-0,18%
31.03.2026;298,35;294,4;299;292,8;15,23K;1,98%
30.03.2026;292,55;300,5;301;291,65;15,12K;-3,03%
27.03.2026;301,7;307,4;309,1;300;13,30K;-1,93%
26.03.2026;307,65;315,7;316,95;306,6;14,70K;-2,67%
25.03.2026;316,1;317,5;318,8;311,45;16,33K;-0,55%
24.03.2026;317,85;307,9;319,5;307,45;20,24K;3,53%
23.03.2026;307;308,8;312,7;300,95;18,80K;-0,89%
20.03.2026;309,75;303;312,4;297,4;24,94K;1,16%
19.03.2026;306,2;306,2;306,2;306,2;17,10K;2,17%
18.03.2026;299,7;305;305;297,35;0,04K;-0,78%
17.03.2026;302,05;302,05;302,05;302,05;23,55K;1,44%
16.03.2026;297,75;297,75;297,75;297,75;17,06K;4,42%
13.03.2026;285,15;290,2;290,5;282,7;14,93K;-2,31%
12.03.2026;291,9;287,7;297,45;286,75;17,51K;1,57%
11.03.2026;287,4;293,6;294;283,5;18,38K;-2,84%
10.03.2026;295,8;295;297,25;292,05;14,88K;-0,37%
09.03.2026;296,9;296,95;301,65;293,15;17,56K;1,23%
06.03.2026;293,3;294,25;297,5;289,65;15,61K;1,56%
05.03.2026;288,8;287,05;296;285;14,73K;0,89%
04.03.2026;286,25;283,5;289,55;282,4;15,42K;1,09%
03.03.2026;283,15;284,65;290,9;278,9;17,58K;-0,51%
02.03.2026;284,6;279,9;285,95;277,55;15,59K;1,37%
27.02.2026;280,75;280,75;282,6;276,1;13,70K;-0,55%
26.02.2026;282,3;284,4;285,35;280,2;9,37K;-0,90%
25.02.2026;284,85;285;286,75;280,75;10,74K;-0,23%
24.02.2026;285,5;276,8;285,8;275,35;15,97K;2,68%
23.02.2026;278,05;284;285,5;277,05;12,62K;-2,68%
20.02.2026;285,7;288,15;291,45;280,95;15,32K;0,11%
19.02.2026;285,4;285,2;287,95;275,65;19,42K;0,09%
18.02.2026;285,15;283,75;287,25;280,6;18,58K;0,72%
17.02.2026;283,1;295,05;297,2;280,15;27,32K;-5,10%
13.02.2026;298,3;298,75;305,85;296,15;18,59K;0,29%
12.02.2026;297,45;295;299,9;292,9;25,83K;1,57%
11.02.2026;292,85;291;295,45;289,7;27,29K;0,74%
10.02.2026;290,7;295,3;297,9;289,05;31,42K;-1,07%
09.02.2026;293,85;287,95;296,95;285,5;33,93K;-0,91%
06.02.2026;296,55;312,05;315;293,65;29,51K;-3,84%
05.02.2026;308,4;310,15;313;301,6;24,24K;-0,08%
04.02.2026;308,65;319,4;324,8;307,1;29,01K;-2,66%
03.02.2026;317,1;335,55;337,75;314,8;24,08K;-4,85%
02.02.2026;333,25;331,75;338,25;331;16,01K;0,30%
30.01.2026;332,25;344,5;345,5;330,9;25,47K;-3,84%
29.01.2026;345,5;351,55;352,55;344,6;15,06K;-1,57%
28.01.2026;351;371;372,55;349,8;21,41K;-4,42%
27.01.2026;367,25;357,2;370;357;18,39K;3,09%
26.01.2026;356,25;351,55;359;351,5;12,74K;1,52%
23.01.2026;350,9;347,75;355,35;346,85;12,67K;0,92%
22.01.2026;347,7;346,9;350,15;344,25;12,19K;0,06%
21.01.2026;347,5;346,3;348,2;341,8;18,70K;0,29%
20.01.2026;346,5;353,8;355,65;345,55;16,72K;-2,48%
16.01.2026;355,3;358,6;361,3;354,6;10,71K;-0,78%
15.01.2026;358,1;355,9;359;350,6;12,33K;0,59%
14.01.2026;356;362,85;363,35;353,75;13,98K;-1,18%
13.01.2026;360,25;359,05;363,55;356,65;16,54K;1,18%
12.01.2026;356,05;357,6;358,85;352,8;12,67K;-0,45%
09.01.2026;357,65;372,35;372,9;356,05;18,74K;-3,95%
08.01.2026;372,35;373,05;383,85;371,65;15,42K;-0,83%
07.01.2026;375,45;371,35;382,85;371;20,43K;0,43%
06.01.2026;373,85;358,2;374,3;356,8;26,36K;4,04%
05.01.2026;359,35;354,55;360,65;350,6;16,95K;0,57%
02.01.2026;357,3;348,4;358,05;345,2;11,47K;2,45%
31.12.2025;348,75;349,5;353,85;348,05;6,58K;-0,41%
30.12.2025;350,2;350,55;359,3;349,5;11,56K;-0,55%
29.12.2025;352,15;349,5;354,3;347,05;9,18K;0,54%
26.12.2025;350,25;345,8;350,7;344,3;7,35K;1,48%
24.12.2025;345,15;348,1;348,65;343,05;6,22K;-0,52%
23.12.2025;346,95;350;352,4;345,6;11,08K;-0,12%
22.12.2025;347,35;341,1;349,5;339,05;13,07K;1,97%
19.12.2025;340,65;346,6;348,55;340;19,77K;-1,39%
18.12.2025;345,45;345,45;345,45;345,45;14,22K;-1,83%
17.12.2025;351,9;379,2;379,3;357,15;0,06K;-7,22%
16.12.2025;379,3;382;383,8;382;0,04K;-2,17%
15.12.2025;387,7;397,5;397,5;386;0,01K;4,98%
12.12.2025;369,3;375,15;378,95;368,2;14,38K;-1,83%
11.12.2025;376,2;371,35;379,85;371,35;12,06K;1,05%
10.12.2025;372,3;368,5;376,75;366,75;12,47K;0,96%
09.12.2025;368,75;369,55;374,2;367,35;11,61K;0,70%
08.12.2025;366,2;373,2;377,75;364,85;15,78K;-2,31%
05.12.2025;374,85;376,7;378,4;373,25;9,38K;-1,48%
04.12.2025;380,5;374;381;371,4;11,53K;2,16%
03.12.2025;372,45;374;377;371,6;8,96K;-0,27%
02.12.2025;373,45;378,45;380,8;372;11,88K;-1,65%
01.12.2025;379,7;376,5;381,45;370,45;11,46K;-0,39%
28.11.2025;381,2;380,3;385;377,75;8,51K;0,40%
26.11.2025;379,7;380,05;383;375,55;8,82K;-0,94%
25.11.2025;383,3;379,9;384;373,65;11,31K;1,79%
24.11.2025;376,55;372;378,55;368,3;11,38K;1,92%
21.11.2025;369,45;359,8;375,05;351,65;25,46K;-1,91%
20.11.2025;376,65;375,6;381,85;374,45;9,25K;0,48%
19.11.2025;374,85;384,5;386,25;373,2;12,07K;-3,31%
18.11.2025;387,7;377,05;390,4;375,95;21,32K;2,95%
17.11.2025;376,6;378;382,8;369,15;20,41K;-5,80%
14.11.2025;399,8;400,2;402,95;390;7,81K;-0,47%
13.11.2025;401,7;402,25;405,25;398,3;9,69K;-0,48%
12.11.2025;403,65;416;420,55;400,6;24,21K;-4,51%
11.11.2025;422,7;414,75;423,95;410,7;15,23K;1,92%
10.11.2025;414,75;408,3;416,55;406,5;18,28K;1,70%
07.11.2025;407,8;399,05;412,65;393,65;20,88K;2,79%
06.11.2025;396,75;415,5;416,25;395,75;18,05K;-4,07%
05.11.2025;413,6;403,35;418,05;403;19,19K;2,06%
04.11.2025;405,25;408,05;415,95;403,2;13,46K;-0,34%
03.11.2025;406,65;392,75;409,4;392,75;15,57K;3,72%
31.10.2025;392,05;393,55;396,6;385;10,84K;0,01%
30.10.2025;392;394,7;394,7;382,85;12,55K;0,33%
29.10.2025;390,7;390,85;392,45;382,15;13,19K;0,72%
28.10.2025;387,9;390;395;380,4;16,87K;-0,56%
27.10.2025;390,1;397;400,65;388,4;13,78K;-3,20%
24.10.2025;403;411,05;414,3;399,95;13,97K;-1,74%
23.10.2025;410,15;422,9;437,95;408;21,41K;-2,54%
22.10.2025;420,85;416;427;413,75;16,42K;1,77%
21.10.2025;413,55;404,2;415;402,2;11,82K;1,85%
20.10.2025;406,05;401,3;410,05;401,3;10,30K;2,16%
17.10.2025;397,45;392,95;401,9;386,25;14,47K;0,93%
16.10.2025;393,8;388,85;404,05;385,75;13,00K;-0,28%
15.10.2025;394,9;399,7;418,5;390,15;21,02K;-1,19%
14.10.2025;399,65;383,35;405,25;381,4;20,99K;3,75%
13.10.2025;385,2;373,2;387,1;373,2;12,11K;3,26%
10.10.2025;373,05;376,8;382,85;370,6;12,38K;-1,11%
09.10.2025;377,25;385,5;387,95;376,7;10,12K;-2,04%
08.10.2025;385,1;376,85;386,2;373,95;12,51K;2,58%
07.10.2025;375,4;381,6;382,3;372,15;12,08K;-1,56%
06.10.2025;381,35;384,9;390,35;377,5;13,52K;-2,41%
03.10.2025;390,75;383,25;392,35;381,05;12,45K;3,35%
02.10.2025;378,1;385,25;386,2;375,1;8,36K;-1,51%
01.10.2025;383,9;372,35;384,75;366,6;13,23K;2,41%
30.09.2025;374,85;373,2;380,7;370,5;13,06K;0,71%
29.09.2025;372,2;381,05;388,3;370,3;14,28K;-1,55%
26.09.2025;378,05;375;384;372,6;14,48K;1,80%
25.09.2025;371,35;371,5;378,4;361,25;14,51K;0,98%
24.09.2025;367,75;351,9;368,75;350,95;18,07K;5,03%
23.09.2025;350,15;365,5;368,85;349,45;25,34K;-4,68%
22.09.2025;367,35;369,2;370,15;360,55;12,99K;0,23%
19.09.2025;366,5;381,8;384,4;356,25;25,30K;-5,01%
18.09.2025;385,85;385,85;385,85;385,85;18,18K;-0,69%
17.09.2025;388,55;388,55;388,55;388,55;28,92K;-7,98%
16.09.2025;422,25;428,7;431,3;422;0,02K;-2,34%
15.09.2025;432,35;422,9;425,15;422,9;0,02K;5,28%
12.09.2025;410,65;410,65;410,65;410,65;18,54K;6,36%
11.09.2025;386,1;385,2;388,7;382,1;11,41K;-0,21%
10.09.2025;386,9;382,8;389,7;381,35;12,05K;1,34%
09.09.2025;381,8;386;393;380,45;14,40K;-0,79%
08.09.2025;384,85;371;385,85;369,05;15,88K;3,00%
05.09.2025;373,65;373,3;376,1;368,2;10,12K;-0,20%
04.09.2025;374,4;371,5;381,7;367,6;15,39K;0,20%
03.09.2025;373,65;371;379;368,55;12,45K;0,89%
02.09.2025;370,35;377,1;381,9;365,5;21,61K;-4,08%
29.08.2025;386,1;378;388,7;371,05;17,72K;2,28%
28.08.2025;377,5;383;391,3;374,7;18,44K;-2,02%
27.08.2025;385,3;371,2;386,55;364,8;19,18K;3,49%
26.08.2025;372,3;375,05;376,3;363,9;17,50K;-1,44%
25.08.2025;377,75;378,15;387,1;374,65;14,73K;-0,15%
22.08.2025;378,3;364,9;380,45;362,35;19,04K;3,64%
21.08.2025;365;352,65;366;351,25;20,44K;3,27%
20.08.2025;353,45;350,05;357,8;345,5;26,47K;1,26%
19.08.2025;349,05;338,05;352,05;337,6;24,00K;3,87%
18.08.2025;336,05;334,8;339,6;325,55;21,84K;0,55%
15.08.2025;334,2;320,1;336,8;318,2;23,84K;4,86%
14.08.2025;318,7;312,9;321;308,75;19,76K;1,94%
13.08.2025;312,65;310,25;317,6;309,15;23,61K;1,41%
12.08.2025;308,3;314,75;320,3;303,7;21,36K;-1,83%
11.08.2025;314,05;300;317,6;299,15;32,62K;1,52%
08.08.2025;309,35;297,8;309,95;297,8;27,80K;3,88%
07.08.2025;297,8;297,2;299,35;292,5;18,68K;1,50%
06.08.2025;293,4;297,55;300,15;292,05;14,57K;-1,77%
05.08.2025;298,7;289,25;299,6;288,05;16,40K;3,52%
04.08.2025;288,55;287,1;294,05;286,05;13,11K;1,53%
01.08.2025;284,2;294,1;297,05;283,65;15,43K;-3,92%
31.07.2025;295,8;297;303,6;294,05;12,20K;0,82%
30.07.2025;293,4;297,65;301,8;290,55;12,57K;-1,05%
29.07.2025;296,5;301,25;301,75;288,95;15,27K;-1,72%
28.07.2025;301,7;300;306;298,8;12,05K;1,39%
25.07.2025;297,55;305;307,45;297,25;10,08K;-2,39%
24.07.2025;304,85;299,25;307,2;298,45;10,89K;1,16%
23.07.2025;301,35;297,9;302,5;292,85;10,60K;1,69%
22.07.2025;296,35;291,95;298,55;285,75;11,51K;-0,30%
21.07.2025;297,25;297,25;297,25;297,25;13,13K;-3,77%
18.07.2025;308,9;308,9;308,9;308,9;11,40K;-1,15%
17.07.2025;312,5;312,5;312,5;312,5;13,30K;-0,65%
16.07.2025;314,55;312,55;312,55;312,55;0,01K;4,29%
15.07.2025;301,6;301,6;301,6;301,6;12,38K;-0,08%
14.07.2025;301,85;286,9;303,65;286,85;20,55K;5,36%
11.07.2025;286,5;288,7;297,6;285,05;16,56K;-0,45%
10.07.2025;287,8;278,65;294,55;277,6;21,64K;1,32%
09.07.2025;284,05;285,1;288,2;281,2;12,45K;-0,54%
08.07.2025;285,6;279;286,35;277,25;15,70K;2,64%
07.07.2025;278,25;287,6;289,35;277,55;16,73K;-3,92%
03.07.2025;289,6;290;294;284,3;11,06K;-0,55%
02.07.2025;291,2;290,05;292,25;279,6;18,32K;-0,26%
01.07.2025;291,95;298,4;300;288;16,07K;-2,72%
30.06.2025;300,1;302,9;307,35;297,55;11,58K;-1,20%
27.06.2025;303,75;304,75;307,05;293,15;14,74K;-0,62%
26.06.2025;305,65;304,3;308,25;301,75;11,13K;0,38%
25.06.2025;304,5;317,5;322,6;300,6;21,73K;-2,20%
24.06.2025;311,35;326;326;311;17,65K;-4,65%
23.06.2025;326,55;311,55;327,55;311,55;15,88K;3,65%
20.06.2025;315,05;322,85;328,65;311,85;18,79K;-2,25%
18.06.2025;322,3;330,4;331,2;318,05;21,66K;-3,05%
17.06.2025;332,45;342,6;344,05;330,6;18,70K;-2,29%
16.06.2025;340,25;345,9;349,8;339,25;13,76K;-1,66%
13.06.2025;346;343,25;348,2;334,3;24,24K;0,20%
12.06.2025;345,3;347,2;349,55;343,3;20,10K;-0,95%
11.06.2025;348,6;353,55;356,35;347,35;15,31K;-1,26%
10.06.2025;353,05;359,65;370,4;351,6;21,69K;-1,77%
09.06.2025;359,4;354,85;361,85;352,45;19,18K;0,38%
06.06.2025;358,05;362,25;376,4;356,3;25,71K;-0,47%
05.06.2025;359,75;348,15;361,65;347,55;20,19K;3,93%
04.06.2025;346,15;340,85;347,7;339,55;12,78K;1,55%
03.06.2025;340,85;342,25;344,05;336,55;13,97K;-1,05%
02.06.2025;344,45;340,4;347,25;338,45;16,73K;0,58%
30.05.2025;342,45;348,6;351;341,2;14,94K;-1,71%
29.05.2025;348,4;352,95;357,3;347,15;13,38K;-1,01%
28.05.2025;351,95;359,2;360,05;350,15;15,42K;-2,70%
27.05.2025;361,7;359,1;364,85;355,55;12,12K;0,19%
23.05.2025;361;361,7;363;355,25;10,66K;0,07%
22.05.2025;360,75;368,45;368,45;359,2;14,75K;-2,58%
21.05.2025;370,3;370;375,2;366,4;7,63K;0,27%
20.05.2025;369,3;374;379,25;368,2;9,93K;-1,82%
19.05.2025;376,15;377,85;378,55;377,85;0,03K;-0,03%
16.05.2025;376,25;384,15;384,15;375,65;0,11K;-2,26%
15.05.2025;384,95;375;383;375;0,02K;2,94%
14.05.2025;373,95;378,75;378,75;373,75;0,03K;-2,83%
13.05.2025;384,85;380;380;380;0,03K;3,19%
12.05.2025;372,95;388;390,1;372,25;18,73K;-3,82%
09.05.2025;387,75;386,65;391,2;385,2;9,49K;0,10%
08.05.2025;387,35;385,6;387,95;382,2;8,22K;0,85%
07.05.2025;384,1;389,35;393,25;382,5;10,78K;-1,47%
06.05.2025;389,85;386,05;394;384,1;9,96K;0,41%
05.05.2025;388,25;382,4;392;379,55;8,16K;0,74%
02.05.2025;385,4;386,7;392,75;381,75;10,04K;0,19%
01.05.2025;384,65;399,05;399,3;382,4;14,29K;-4,02%
30.04.2025;400,75;400,2;407,1;396,2;11,81K;0,24%
29.04.2025;399,8;410;418,9;396,7;14,53K;-2,50%
28.04.2025;410,05;395,9;411,3;392,95;13,63K;2,55%
25.04.2025;399,85;396,55;410,5;395,8;17,48K;0,26%
24.04.2025;398,8;384;399,8;381,45;14,88K;3,38%
23.04.2025;385,75;375,5;390,55;374,5;14,10K;3,49%
22.04.2025;372,75;366,55;375,5;362,5;11,58K;2,25%
21.04.2025;364,55;371,75;376,55;362,3;10,47K;-2,16%
17.04.2025;372,6;375,05;378,45;367,2;12,50K;-0,32%
16.04.2025;373,8;366;376,75;362,05;12,91K;1,81%
15.04.2025;367,15;360,8;370,4;360,8;19,85K;2,41%
14.04.2025;358,5;357,5;363,85;352,1;19,26K;0,22%
11.04.2025;357,7;345,95;360,7;341,6;23,38K;4,33%
10.04.2025;342,85;360,1;361,5;342,15;20,19K;0,34%
09.04.2025;341,7;341,15;353,75;325,2;28,74K;-0,35%
08.04.2025;342,9;345;350,15;340,5;25,85K;-0,55%
07.04.2025;344,8;362,5;364,5;338,6;37,08K;-5,72%
04.04.2025;365,7;386,55;389,35;364,9;24,92K;-5,07%
03.04.2025;385,25;386,4;391;376,9;16,45K;-0,93%
02.04.2025;388,85;389,05;393,7;382,15;13,89K;-0,05%
01.04.2025;389,05;379,25;391,45;372,25;18,43K;2,45%
31.03.2025;379,75;380;386,4;378,55;14,17K;-0,05%
28.03.2025;379,95;380,8;384,8;377,55;15,50K;0,30%
27.03.2025;378,8;392;392,1;375,6;21,79K;-3,37%
26.03.2025;392;400;405,4;388,55;14,38K;-1,64%
25.03.2025;398,55;393,45;401;392,1;12,35K;1,31%
24.03.2025;393,4;391,45;402,4;390,6;13,31K;0,51%
21.03.2025;391,4;392;395,75;386,5;12,38K;-0,19%
20.03.2025;392,15;389,3;397,6;386,05;14,04K;-0,62%
19.03.2025;394,6;394,15;394,15;394,1;0,02K;1,92%
18.03.2025;387,15;386;391,95;383,7;0,02K;-0,57%
17.03.2025;389,35;382,75;382,75;382,75;0,01K;1,90%
14.03.2025;382,1;382,1;382,1;382,1;16,67K;-0,93%
13.03.2025;385,7;388,8;391,7;377,05;18,70K;-0,27%
12.03.2025;386,75;394;396,4;383,15;17,15K;-1,78%
11.03.2025;393,75;384,7;395,5;382;13,05K;2,54%
10.03.2025;384;387;391,6;380,85;12,98K;-0,10%
07.03.2025;384,4;389;392,05;379,05;16,31K;-0,71%
06.03.2025;387,15;405,05;407,9;385,75;20,87K;-5,56%
05.03.2025;409,95;402;418,55;402;21,23K;2,90%
04.03.2025;398,4;389,85;401,55;385,6;19,50K;3,04%
03.03.2025;386,65;375,7;389,95;375,7;15,93K;3,65%
28.02.2025;373,05;374,9;379,05;369,7;12,80K;-0,15%
27.02.2025;373,6;371,6;382,65;369,05;12,18K;-0,43%
26.02.2025;375,2;372,8;377,55;366,3;14,59K;-0,19%
25.02.2025;375,9;384,8;385,8;370,25;19,95K;-2,31%
24.02.2025;384,8;389,25;392,4;380,2;14,26K;-1,14%
21.02.2025;389,25;390;394;383,85;16,85K;-0,17%
20.02.2025;389,9;410,2;410,2;386,85;29,23K;-5,34%
19.02.2025;411,9;411;424,5;409,45;24,49K;1,64%
18.02.2025;405,25;406;409,25;391,35;33,57K;-0,53%
14.02.2025;407,4;422,25;423,9;398,85;27,18K;-4,16%
13.02.2025;425,1;417;426,7;412,45;28,27K;1,17%
12.02.2025;420,2;405,95;421,15;405,3;28,36K;3,91%
11.02.2025;404,4;425;429,95;401,05;35,48K;-3,97%
10.02.2025;421,1;400,15;424,1;400,15;36,68K;4,14%
07.02.2025;404,35;403,25;413,95;399,95;25,61K;0,10%
06.02.2025;403,95;402;411,25;398,7;25,38K;1,56%
05.02.2025;397,75;385,9;401,1;381,6;26,19K;3,76%
04.02.2025;383,35;385,1;389,9;380,9;19,98K;0,64%
03.02.2025;380,9;375,85;388,95;373,4;25,16K;0,81%
31.01.2025;377,85;380;381,05;366,2;25,87K;1,19%
30.01.2025;373,4;368;376,85;365,35;20,67K;1,87%
29.01.2025;366,55;360,25;369,45;359,2;22,49K;2,53%
28.01.2025;357,5;352,55;358,9;346,8;15,98K;2,38%
27.01.2025;349,2;348,75;355,55;345,2;19,56K;0,47%
24.01.2025;347,55;345;349,8;341,9;13,67K;1,05%
23.01.2025;343,95;342;348,9;338,85;20,10K;0,61%
22.01.2025;341,85;331,2;342,95;327,5;20,01K;4,29%
21.01.2025;327,8;330,4;336,25;327,1;16,31K;-0,17%
17.01.2025;328,35;328,9;332,45;325,9;12,50K;0,37%
16.01.2025;327,15;330,55;332,05;325,2;12,58K;-1,00%
15.01.2025;330,45;322,5;331,2;321,05;12,30K;2,64%
14.01.2025;321,95;325,5;328,85;321,05;16,25K;-1,23%
13.01.2025;325,95;322,9;333,85;322,1;19,36K;0,65%
10.01.2025;323,85;319,5;325,85;317,75;15,99K;1,68%
09.01.2025;318,5;321;322;316,65;14,25K;0,65%
08.01.2025;316,45;320,65;324,3;314,9;21,11K;-1,26%
07.01.2025;320,5;320,65;323,1;317,75;12,72K;0,60%
06.01.2025;318,6;318,65;328,6;317,05;15,99K;-0,02%
03.01.2025;318,65;324,75;326,25;317,65;11,89K;-2,51%
02.01.2025;326,85;321,55;329,8;319,75;14,74K;2,22%
31.12.2024;319,75;318,85;321,3;312,15;14,69K;-0,39%
30.12.2024;321;322,15;323,85;316,8;12,65K;-0,51%
27.12.2024;322,65;323,65;325,5;318,4;11,07K;-0,62%
26.12.2024;324,65;330;331,5;322,35;7,16K;-1,20%
24.12.2024;328,6;327,05;329,55;322,05;7,21K;0,41%
23.12.2024;327,25;325;329,75;320,85;10,32K;0,69%
20.12.2024;325;325,5;329,5;319;15,02K;0,39%
19.12.2024;323,75;332,65;341,8;321,5;26,44K;-2,82%
18.12.2024;333,15;333,15;333,15;333,15;17,91K;2,37%
17.12.2024;325,45;322,6;322,6;322,6;0,00K;-1,00%
16.12.2024;328,75;328,25;328,25;328,25;0,00K;2,46%
13.12.2024;320,85;320,85;320,85;320,85;15,43K;-0,54%
12.12.2024;322,6;322,6;322,6;322,6;17,45K;0,28%
11.12.2024;321,7;321,7;321,7;321,7;23,42K;-4,16%
10.12.2024;335,65;343,85;347,35;343,7;0,02K;1,01%
09.12.2024;332,3;332,3;332,3;332,3;27,65K;-0,06%
06.12.2024;332,5;315,95;331,7;313,7;26,34K;5,30%
05.12.2024;315,75;310,75;312,45;307,85;0,00K;3,20%
04.12.2024;305,95;306,6;306,6;305,8;0,02K;2,77%
03.12.2024;297,7;298,35;303,45;293,75;0,05K;-0,50%
02.12.2024;299,2;318,1;318,1;297,6;0,03K;-6,98%
29.11.2024;321,65;334,5;335;324,3;1,14K;-1,38%
27.11.2024;326,15;320;329,5;319,65;0,03K;4,49%
26.11.2024;312,15;310,05;313;310,05;0,02K;1,23%
25.11.2024;308,35;308,3;312,8;307,25;0,08K;1,02%
22.11.2024;305,25;296,55;306,25;296,55;0,04K;2,21%
21.11.2024;298,65;300;300;295,75;0,09K;1,13%
20.11.2024;295,3;288;296,95;286,3;0,25K;5,56%
19.11.2024;279,75;281,7;287,2;277,75;6,89K;-0,36%
18.11.2024;280,75;284,25;290,2;278,35;7,71K;-0,37%
15.11.2024;281,8;274,95;283,9;274,95;10,32K;1,02%
14.11.2024;278,95;271,65;285,05;270,95;9,89K;2,69%
13.11.2024;271,65;262,9;272,95;260,75;16,03K;3,07%
12.11.2024;263,55;256,75;266,4;256,7;23,93K;2,87%
11.11.2024;256,2;253,35;258,7;253,35;27,43K;1,12%
08.11.2024;253,35;258;259,95;252,75;43,85K;-2,71%
07.11.2024;260,4;250,15;261,4;249,5;38,86K;4,68%
06.11.2024;248,75;248,6;250,8;244,15;24,33K;-0,56%
05.11.2024;250,15;246,55;252,25;246;28,77K;1,71%
04.11.2024;245,95;243,85;246,55;242,1;24,03K;1,23%
01.11.2024;242,95;246,3;249,25;241,3;23,12K;-1,20%
31.10.2024;245,9;249;249,5;244,35;17,38K;-1,48%
30.10.2024;249,6;248,7;250,55;245,15;16,87K;0,60%
29.10.2024;248,1;253,2;254,25;247,85;13,58K;-1,68%
28.10.2024;252,35;247,25;255,65;246,25;17,94K;1,59%
25.10.2024;248,4;245,85;248,75;244,4;15,94K;1,20%
24.10.2024;245,45;251,9;256,1;244,1;21,96K;-2,73%
23.10.2024;252,35;249,25;253,85;247,4;15,43K;1,00%
22.10.2024;249,85;252,5;255,7;248,55;17,53K;-0,73%
21.10.2024;251,7;253,5;254,05;248,05;16,92K;-2,18%
18.10.2024;257,3;254;259,1;253,1;11,06K;0,84%
17.10.2024;255,15;257,1;261;253,4;13,29K;-1,10%
16.10.2024;258;258;259,55;254,8;13,09K;0,51%
15.10.2024;256,7;261,7;264,15;255,35;14,78K;-2,04%
14.10.2024;262,05;251,05;262,65;250,3;16,92K;3,97%
11.10.2024;252,05;254,25;256,45;251;13,85K;-1,06%
10.10.2024;254,75;248,05;257,1;247,4;15,93K;1,88%
09.10.2024;250,05;247,75;252,9;246,6;14,32K;0,75%
08.10.2024;248,2;248,05;248,9;244,05;16,06K;1,45%
07.10.2024;244,65;252,85;253,65;243,35;26,38K;-4,93%
04.10.2024;257,35;253,85;257,75;252;14,34K;2,10%
03.10.2024;252,05;257,95;258,5;251,4;16,85K;-1,73%
02.10.2024;256,5;265,5;267,5;255,75;24,17K;-2,90%
01.10.2024;264,15;269,8;271,45;261,5;19,96K;-2,26%
30.09.2024;270,25;268,15;272,15;264,1;18,34K;0,41%
27.09.2024;269,15;272;273,15;264,6;14,95K;-1,73%
26.09.2024;273,9;268,75;275,05;267,95;15,57K;1,78%
25.09.2024;269,1;267;271,2;263,2;15,05K;0,49%
24.09.2024;267,8;263,65;270,4;262,7;19,28K;1,57%
23.09.2024;263,65;251,9;264,4;250,1;21,10K;5,14%
20.09.2024;250,75;261,8;262,1;247,7;23,78K;-4,17%
19.09.2024;261,65;260,6;263;257,3;14,17K;-0,57%
18.09.2024;263,15;265,7;265,7;265,7;0,00K;-0,70%
17.09.2024;265;264,2;265,05;264,2;0,00K;2,30%
16.09.2024;259,05;258;271,8;257,55;24,44K;-1,14%
13.09.2024;262,05;261,75;261,75;261,75;0,00K;3,99%
12.09.2024;252;247,15;250,95;246,3;14,57K;1,02%
11.09.2024;249,45;247,85;247,85;247,85;0,00K;0,58%
10.09.2024;248;245,9;251,25;244,75;17,36K;-0,58%
09.09.2024;249,45;238,1;246,2;238,1;20,06K;3,92%
06.09.2024;240,05;246,5;246,5;240;0,00K;-2,66%
05.09.2024;246,6;243,7;248,55;242,25;14,98K;0,43%
04.09.2024;245,55;246,45;246,45;246,1;0,00K;-0,49%
03.09.2024;246,75;246,65;246,65;246,65;0,02K;-0,58%
30.08.2024;248,2;255,45;255,5;250,3;0,02K;-1,43%
29.08.2024;251,8;258,7;258,7;250,3;0,05K;-3,32%
28.08.2024;260,45;259;259,05;259;0,01K;0,40%
27.08.2024;259,4;259,15;263,65;254,65;0,06K;2,27%
26.08.2024;253,65;249,4;253,25;248,4;0,01K;0,98%
23.08.2024;251,2;246,8;251,35;245,05;0,05K;1,78%
22.08.2024;246,8;253,3;253,3;244,5;0,25K;-1,06%
21.08.2024;249,45;247;253;244;4,07K;0,00%
20.08.2024;249,45;247,9;254,5;245,8;5,94K;1,44%
19.08.2024;245,9;245,5;249,8;242,6;5,27K;0,18%
16.08.2024;245,45;239,1;245,8;238,55;8,50K;2,31%
15.08.2024;239,9;236,8;240,35;234,3;7,42K;1,22%
14.08.2024;237;232,75;238,95;232,05;10,30K;1,85%
13.08.2024;232,7;235,8;237,15;230,1;24,08K;-3,38%
12.08.2024;240,85;245,5;249,45;239,25;25,85K;2,91%
09.08.2024;234,05;245,3;246,05;232,25;44,48K;-4,59%
08.08.2024;245,3;245,25;251,75;243,1;37,13K;-0,41%
07.08.2024;246,3;235,35;248;235,25;40,13K;4,39%
06.08.2024;235,95;229,85;238,85;229,55;31,48K;4,54%
05.08.2024;225,7;227,35;227,9;221;24,82K;-2,08%
02.08.2024;230,5;227,25;231,75;226,45;16,95K;1,43%
01.08.2024;227,25;229,2;231,15;225,25;19,19K;-0,85%
31.07.2024;229,2;230,5;235,4;227,1;22,04K;-0,69%
30.07.2024;230,8;230,85;233,2;228,25;15,92K;0,17%
29.07.2024;230,4;230,35;233,6;228,1;16,27K;0,07%
26.07.2024;230,25;232,55;233;229,8;13,31K;-1,90%
25.07.2024;234,7;231,35;235,45;228,55;26,64K;1,54%
24.07.2024;231,15;238;238,6;230,55;29,80K;-3,32%
23.07.2024;239,1;242,5;243,1;238,25;13,52K;-1,63%
22.07.2024;243,05;237,7;244,55;236,5;15,36K;2,04%
19.07.2024;238,2;241,85;241,85;233,6;20,95K;-2,14%
18.07.2024;243,4;243,6;245,4;240,5;14,40K;-1,60%
17.07.2024;247,35;245,5;247;241,8;17,47K;0,79%
16.07.2024;245,4;243,35;245,85;242,2;12,56K;0,51%
15.07.2024;244,15;249,3;249,5;248,5;0,00K;-2,52%
12.07.2024;250,45;245,75;249,7;241,2;19,84K;1,50%
11.07.2024;246,75;247,1;247,1;247,1;0,00K;0,43%
10.07.2024;245,7;249;249;248,1;0,00K;-2,50%
09.07.2024;252;233,65;252,35;233,15;38,89K;6,69%
08.07.2024;236,2;236,7;236,7;236,7;0,00K;2,56%
05.07.2024;230,3;228,5;233,05;226,35;17,56K;1,93%
03.07.2024;225,95;228,05;228,05;228,05;0,00K;-1,37%
02.07.2024;229,1;231,15;233,05;230,5;0,01K;1,06%
01.07.2024;226,7;226,25;226,25;224,35;0,11K;-0,98%
28.06.2024;228,95;224,5;229,1;224,5;0,01K;0,31%
27.06.2024;228,25;229,35;229,35;229,35;0,00K;0,84%
26.06.2024;226,35;232,8;232,9;226,1;0,02K;-2,10%
25.06.2024;231,2;237,15;237,2;231;0,02K;-2,86%
24.06.2024;238;231,6;237,4;231,6;0,06K;5,05%
21.06.2024;226,55;229,4;232,65;226,55;0,05K;-1,61%
20.06.2024;230,25;228,8;236,9;228;0,39K;1,75%
18.06.2024;226,3;227,5;228,65;222,5;9,74K;-0,37%
17.06.2024;227,15;225,7;227,55;223,05;9,36K;1,34%
14.06.2024;224,15;225,5;227,35;222,95;10,93K;-0,84%
13.06.2024;226,05;224,35;229,3;224,1;13,55K;0,76%
12.06.2024;224,35;219,35;227,35;215;33,75K;1,72%
11.06.2024;220,55;221,6;224,7;218,85;30,59K;-0,38%
10.06.2024;221,4;225;226,45;219,05;33,33K;-1,51%
07.06.2024;224,8;233,45;234,1;223,6;49,02K;-4,01%
06.06.2024;234,2;232;239,8;231,8;30,87K;0,97%
05.06.2024;231,95;230,25;233,25;226,35;29,24K;-0,83%
04.06.2024;233,9;226,1;234,2;223,55;24,66K;3,24%
03.06.2024;226,55;221,15;229,3;220,9;18,58K;1,89%
31.05.2024;222,35;234,1;237,75;220,55;29,76K;-4,57%
30.05.2024;233;228,25;235,45;225,5;20,87K;1,55%
29.05.2024;229,45;229;236,25;228,05;25,75K;-0,65%
28.05.2024;230,95;220;233,2;219,25;29,78K;5,82%
24.05.2024;218,25;215,3;220,2;213,05;15,83K;1,21%
23.05.2024;215,65;221;221,8;212,05;24,02K;-2,18%
22.05.2024;220,45;218,65;221,15;216,65;22,05K;1,50%
21.05.2024;217,2;207;219,1;206,35;29,46K;3,77%
20.05.2024;209,3;205,9;207,95;203,65;19,96K;0,55%
17.05.2024;208,15;198,4;207,15;197,9;18,36K;4,31%
16.05.2024;199,55;199,4;200,35;196,75;10,99K;-0,84%
15.05.2024;201,25;202,3;202,3;202,3;0,00K;-0,79%
14.05.2024;202,85;199,25;199,25;199;0,00K;1,22%
13.05.2024;200,4;200;200;200;0,00K;-1,96%
10.05.2024;204,4;201;203,6;198,8;20,65K;0,34%
09.05.2024;203,7;202,3;205,4;202,3;0,00K;1,72%
08.05.2024;200,25;201,65;201,65;200,2;0,01K;0,63%
07.05.2024;199;196,6;196,6;196,6;0,00K;-0,85%
06.05.2024;200,7;203;203;199,45;0,01K;-2,53%
03.05.2024;205,9;207,75;208,95;207,5;0,07K;-1,32%
02.05.2024;208,65;218;218;218;0,01K;-4,75%
01.05.2024;219,05;222,4;222,4;215,7;0,01K;-0,73%
30.04.2024;220,65;215,6;217,75;215,6;0,02K;-5,52%
29.04.2024;233,55;234;234;234;0,02K;1,28%
26.04.2024;230,6;232,5;232,5;232,5;0,00K;-0,58%
25.04.2024;231,95;230,85;231,5;230,85;0,03K;1,53%
24.04.2024;228,45;229,25;229,25;226,35;0,07K;1,76%
23.04.2024;224,5;226,65;226,65;224,1;0,13K;-3,09%
22.04.2024;231,65;240,95;240,95;229,8;0,95K;-4,04%
19.04.2024;241,4;243,65;247,75;238,2;5,19K;0,65%
18.04.2024;239,85;252,1;253,7;239,5;5,47K;-3,27%
17.04.2024;247,95;237,4;249,3;236,4;8,75K;4,73%
16.04.2024;236,75;235,75;239,5;232,85;12,61K;2,25%
15.04.2024;231,55;221,65;235,45;219,3;15,67K;3,07%
12.04.2024;224,65;220,95;236,2;219,5;31,23K;1,95%
11.04.2024;220,35;215,3;221,8;214,1;26,11K;2,66%
10.04.2024;214,65;213,85;215,9;211,55;24,66K;0,52%
09.04.2024;213,55;209,6;214,75;209,6;40,36K;1,16%
08.04.2024;211,1;212,15;216,4;209,45;45,97K;-0,66%
05.04.2024;212,5;205,1;214;204,2;45,07K;2,78%
04.04.2024;206,75;206,3;207,95;202,5;32,10K;1,55%
03.04.2024;203,6;196,7;207,15;196,3;40,34K;2,96%
02.04.2024;197,75;190,95;198,4;190,75;39,26K;3,10%
01.04.2024;191,8;188;192,7;187,7;19,15K;1,56%
28.03.2024;188,85;191,05;191,2;187,55;21,24K;-0,94%
27.03.2024;190,65;188,05;192,5;187,15;32,26K;1,38%
26.03.2024;188,05;185,65;189,45;185,3;21,86K;1,29%
25.03.2024;185,65;185,15;186,25;183,35;19,00K;0,43%
22.03.2024;184,85;186;188,2;184,55;21,36K;-0,46%
21.03.2024;185,7;183,85;188,4;183,05;23,12K;1,81%
20.03.2024;182,4;182,65;184,4;181,65;14,72K;-0,36%
19.03.2024;183,05;181,25;183,35;179,35;21,06K;0,66%
18.03.2024;181,85;182,75;186,15;181,4;16,94K;-0,55%
15.03.2024;182,85;183,95;185,1;182,05;15,28K;-4,44%
14.03.2024;191,35;190;191,25;189,05;0,02K;-0,16%
13.03.2024;191,65;195,7;196;192;0,04K;-1,92%
12.03.2024;195,4;196,7;197,9;195,35;0,01K;0,54%
11.03.2024;194,35;193,3;194,9;191,5;0,03K;1,54%
08.03.2024;191,4;195,85;195,85;191;0,00K;-3,50%
07.03.2024;198,35;186,7;194,75;184,75;30,46K;2,01%
06.03.2024;194,45;194,8;194,9;190;0,04K;-0,28%
05.03.2024;195;198,75;198,75;195,8;0,03K;-1,22%
04.03.2024;197,4;199,2;199,4;199,2;0,02K;1,86%
01.03.2024;193,8;193,55;193,55;192;0,02K;-1,05%
29.02.2024;195,85;181,1;185,7;180,25;19,19K;1,29%
28.02.2024;193,35;192,8;193,4;192,05;0,10K;-0,36%
27.02.2024;194,05;191,1;192,55;188,55;0,09K;2,08%
26.02.2024;190,1;190,8;191,85;190;0,05K;-0,47%
23.02.2024;191;193,9;193,9;190,7;0,14K;-1,47%
22.02.2024;193,85;197,45;198;193,5;0,14K;-2,27%
21.02.2024;198,35;197,6;198,95;195,35;0,40K;3,52%
20.02.2024;191,6;192,4;197,95;189,6;10,72K;0,39%
16.02.2024;190,85;191;191,75;188,15;10,45K;0,82%
15.02.2024;189,3;188,8;190,6;187,2;8,21K;1,20%
14.02.2024;187,05;192;192;186,65;10,60K;-3,08%
13.02.2024;193;195,05;197,1;191,65;10,71K;-1,33%
12.02.2024;195,6;195,35;198,65;192,05;14,81K;-0,36%
09.02.2024;196,3;190,25;197;190,05;36,01K;3,97%
08.02.2024;188,8;190,45;190,5;188,35;38,55K;-1,00%
07.02.2024;190,7;189,4;191,8;188,7;36,79K;1,33%
06.02.2024;188,2;188,85;189,2;186;24,11K;-0,69%
05.02.2024;189,5;190,75;192,3;188,5;19,51K;-1,28%
02.02.2024;191,95;194,2;195,05;190,5;21,29K;-1,16%
01.02.2024;194,2;193,4;195,3;191,15;25,79K;0,08%
31.01.2024;194,05;194;195,55;192,05;19,76K;0,03%
30.01.2024;194;190,1;197,45;189,05;24,47K;2,51%
29.01.2024;189,25;192,85;194,35;188,65;18,40K;-2,37%
26.01.2024;193,85;187,2;194,8;186;20,94K;3,69%
25.01.2024;186,95;189,95;190,5;184,35;22,14K;-1,32%
24.01.2024;189,45;193,8;195,75;188,1;24,25K;-1,81%
23.01.2024;192,95;192,25;194,5;188,6;22,04K;0,36%
22.01.2024;192,25;184,45;193,15;183,5;24,81K;3,83%
19.01.2024;185,15;182;186,15;181,65;16,74K;2,89%
18.01.2024;179,95;180,5;182,35;175,55;21,87K;0,42%
17.01.2024;179,2;184,9;185,15;178,35;21,95K;-3,27%
16.01.2024;185,25;182;187,1;181,55;19,77K;2,92%
12.01.2024;180;183,5;186,85;179;22,10K;-2,20%
11.01.2024;184,05;182,25;187,95;180,95;25,95K;1,60%
10.01.2024;181,15;184,3;184,8;180,4;20,46K;-1,60%
09.01.2024;184,1;183,95;186,75;182,75;15,66K;1,49%
08.01.2024;181,4;181,7;183,7;179,5;20,57K;-0,77%
05.01.2024;182,8;185,85;187,55;182,05;17,96K;-1,48%
04.01.2024;185,55;186,85;187,6;185,05;11,16K;-0,38%
03.01.2024;186,25;190,75;191,05;184,8;14,58K;-2,05%
02.01.2024;190,15;188,65;192,55;188,65;15,07K;0,98%
29.12.2023;188,3;197,2;198,15;185,65;18,78K;-4,90%
28.12.2023;198;196,75;201,35;195,15;12,01K;0,13%
27.12.2023;197,75;194,9;199,95;194,05;16,05K;1,75%
26.12.2023;194,35;192,8;195,4;191,95;6,73K;0,80%
22.12.2023;192,8;192,2;194,25;189,2;12,28K;-0,41%
21.12.2023;193,6;190;197,4;188,55;22,63K;1,57%
20.12.2023;190,6;200,85;202,3;189,6;26,87K;-5,83%
19.12.2023;202,4;193,2;203,9;191,3;24,39K;-3,41%
18.12.2023;209,55;189,1;193,85;186,8;14,94K;3,84%
15.12.2023;201,8;202,25;202,85;201,3;0,05K;0,85%
14.12.2023;200,1;197,4;202,75;197,4;0,00K;2,80%
13.12.2023;194,65;197,25;197,45;197,25;0,01K;1,83%
12.12.2023;191,15;188,2;191,3;188,2;0,03K;-1,47%
11.12.2023;194;193,75;193,75;193,75;0,00K;4,78%
08.12.2023;185,15;187,25;187,25;187,25;0,00K;-0,19%
07.12.2023;185,5;189,2;190,6;187,35;0,01K;0,13%
06.12.2023;185,25;192,45;192,45;185,85;0,01K;-4,44%
05.12.2023;193,85;188,5;190,3;188,5;0,04K;2,62%
04.12.2023;188,9;189,55;189,55;186,85;0,02K;-2,58%
01.12.2023;193,9;185,75;188,5;178,2;49,48K;-0,56%
30.11.2023;195;182,35;195,7;182,35;0,02K;7,08%
29.11.2023;182,1;184;184;180,55;0,03K;-0,84%
28.11.2023;183,65;183,35;183,35;183,3;0,01K;2,20%
27.11.2023;179,7;176,8;182,9;176,8;0,05K;0,59%
24.11.2023;178,65;177,35;181;177,35;0,14K;0,00%
22.11.2023;178,65;176,45;179,2;174,5;0,29K;1,19%
21.11.2023;176,55;176,65;177,9;175,05;0,34K;-0,76%
20.11.2023;177,9;171,65;179,6;170;5,21K;4,07%
17.11.2023;170,95;175,85;176,85;170,45;4,41K;-2,92%
16.11.2023;176,1;181,5;182,2;175,7;7,17K;-2,60%
15.11.2023;180,8;177;181,9;175;8,51K;2,47%
14.11.2023;176,45;178,85;179,15;175,85;9,70K;-1,23%
13.11.2023;178,65;172,6;179,45;171,3;12,84K;2,38%
10.11.2023;174,5;178;178,75;172,95;24,19K;-2,40%
09.11.2023;178,8;176,1;179;175,5;26,46K;2,55%
08.11.2023;174,35;170,85;176;170,85;32,14K;2,11%
07.11.2023;170,75;173,4;173,65;169,15;28,86K;-1,70%
06.11.2023;173,7;170,25;174,1;168,45;23,51K;1,64%
03.11.2023;170,9;166,5;171,35;166,1;22,29K;3,36%
02.11.2023;165,35;160,7;166,8;160;24,72K;3,47%
01.11.2023;159,8;166;167,15;158,75;29,12K;-4,48%
31.10.2023;167,3;159,05;167,55;158,8;29,75K;5,15%
30.10.2023;159,1;160,05;161,15;158,6;19,46K;-1,15%
27.10.2023;160,95;161,2;163,25;160,2;13,03K;-0,16%
26.10.2023;161,2;161,55;163,6;160,3;17,69K;-0,68%
25.10.2023;162,3;167,75;169,05;160,95;30,19K;-3,48%
24.10.2023;168,15;165,6;168,85;165,05;21,86K;1,39%
23.10.2023;165,85;163,25;167;163,25;24,14K;0,36%
20.10.2023;165,25;163,4;166,8;162,25;37,01K;0,79%
19.10.2023;163,95;158,15;164,4;158,15;36,62K;3,73%
18.10.2023;158,05;157,15;159,5;156,65;25,58K;0,64%
17.10.2023;157,05;154;157,95;152,45;27,00K;1,88%
16.10.2023;154,15;154,9;156,15;152,1;24,90K;-0,48%
13.10.2023;154,9;149,3;155,65;149,2;35,24K;3,75%
12.10.2023;149,3;147,85;149,9;147,05;19,48K;1,08%
11.10.2023;147,7;147,65;149,4;146,1;16,44K;0,14%
10.10.2023;147,5;145,7;148,4;143,7;26,19K;0,99%
09.10.2023;146,05;146,05;147,9;144,8;15,68K;0,00%
06.10.2023;146,05;145,4;146,8;144,45;16,60K;0,45%
05.10.2023;145,4;146,05;147,5;145;13,75K;-0,65%
04.10.2023;146,35;147,9;148,95;145,9;15,83K;-1,61%
03.10.2023;148,75;149,15;149,9;147,25;13,62K;-0,23%
02.10.2023;149,1;146;151,4;145,8;23,83K;2,02%
29.09.2023;146,15;147;147,5;144,95;21,78K;-0,71%
28.09.2023;147,2;148,95;150,25;146,45;20,34K;-1,37%
27.09.2023;149,25;150,45;150,5;147,55;20,45K;-1,06%
26.09.2023;150,85;148,8;152,15;148,45;19,69K;1,38%
25.09.2023;148,8;150,3;152,1;148,15;20,31K;-1,55%
22.09.2023;151,15;154,75;155,7;150,05;19,80K;-2,39%
21.09.2023;154,85;158;158,75;154,5;17,11K;-2,12%
20.09.2023;158,2;160,4;161,65;157,65;17,55K;-5,55%
19.09.2023;167,5;162,5;173,5;162,5;0,00K;5,55%
18.09.2023;158,7;158,15;161,1;158,15;23,43K;0,28%
15.09.2023;158,25;153,9;160,5;153,35;27,89K;3,36%
14.09.2023;153,1;152;154,8;149,3;19,38K;1,36%
13.09.2023;151,05;151,55;151,55;151,55;0,06K;0,23%
12.09.2023;150,7;151,55;151,55;148,35;0,01K;-0,56%
11.09.2023;151,55;148,05;153,45;147,3;23,13K;3,62%
08.09.2023;146,25;150,9;151,15;148,05;14,75K;-0,78%
07.09.2023;147,4;153,15;153,2;149,5;14,46K;-2,87%
06.09.2023;151,75;153,2;155;151,05;16,41K;0,23%
05.09.2023;151,4;147,95;152,5;147,95;0,03K;0,30%
01.09.2023;150,95;151,5;151,5;151,1;0,01K;-1,15%
31.08.2023;152,7;153,65;153,65;153;0,06K;-0,42%
30.08.2023;153,35;150;153,7;150;0,02K;1,32%
29.08.2023;151,35;152,35;153,05;149,85;0,04K;-0,30%
28.08.2023;151,8;152,95;153,25;152,5;0,01K;0,03%
25.08.2023;151,75;154;154;154;0,00K;-0,82%
24.08.2023;153;153,8;154,25;151,4;0,05K;0,03%
23.08.2023;152,95;148,65;152,85;148,1;1,09K;4,33%
22.08.2023;146,6;147,9;150,4;146,1;4,50K;-0,64%
21.08.2023;147,55;147,6;151,8;147,15;6,15K;0,07%
18.08.2023;147,45;146,95;149,4;145,05;4,87K;0,31%
17.08.2023;147;148,95;150,05;145,8;5,00K;-1,28%
16.08.2023;148,9;149,75;150,75;147,75;8,37K;-0,23%
15.08.2023;149,25;150,85;151,3;148;11,86K;-1,22%
14.08.2023;151,1;157,5;158,3;150,7;21,14K;-4,25%
11.08.2023;157,8;159,05;159,45;156;27,62K;-1,31%
10.08.2023;159,9;160,55;163,6;159,2;28,31K;-0,53%
09.08.2023;160,75;161,85;162,4;160;26,49K;-0,37%
08.08.2023;161,35;162,15;162,9;159,55;25,99K;-1,59%
07.08.2023;163,95;161,15;164,9;160,05;27,41K;1,61%
04.08.2023;161,35;164;165;161;20,24K;-2,06%
03.08.2023;164,75;166,35;168,3;164;17,79K;-1,32%
02.08.2023;166,95;164,55;167,95;162,75;22,31K;1,46%
01.08.2023;164,55;165,1;167,4;162,05;20,15K;-0,06%
31.07.2023;164,65;157,9;166;157,9;23,12K;4,27%
28.07.2023;157,9;161,3;161,9;157,35;14,78K;-2,20%
27.07.2023;161,45;164,4;164,9;160,05;16,87K;-1,04%
26.07.2023;163,15;161,3;163,85;159,25;15,70K;0,80%
25.07.2023;161,85;162,4;163,85;161,3;15,91K;-0,71%
24.07.2023;163;161,15;165,45;161,05;20,33K;0,71%
21.07.2023;161,85;158,55;162,1;156,5;18,70K;2,40%
20.07.2023;158,05;155,5;160;155,25;19,01K;3,67%
19.07.2023;152,45;152,35;152,4;152,3;0,00K;-1,80%
18.07.2023;155,25;155,55;157,95;155,05;21,81K;0,32%
17.07.2023;154,75;158,05;158,05;155,5;0,00K;-4,45%
14.07.2023;161,95;162,45;162,45;161,75;0,08K;1,63%
13.07.2023;159,35;160,7;160,7;160,7;0,00K;0,38%
12.07.2023;158,75;158,1;159,25;156,45;14,07K;-0,35%
11.07.2023;159,3;159,15;159,5;158;0,05K;-1,51%
10.07.2023;161,75;163,55;163,65;163,55;0,00K;-0,64%
07.07.2023;162,8;165;165;165;0,00K;0,28%
06.07.2023;162,35;159,95;165,3;159,25;0,05K;0,81%
05.07.2023;161,05;162,25;162,25;162,25;0,01K;-0,89%
03.07.2023;162,5;165,2;165,2;165,2;0,00K;0,93%
30.06.2023;161;165,9;165,9;165,75;0,00K;-1,59%
29.06.2023;163,6;165;165,55;162,1;0,01K;-1,24%
28.06.2023;165,65;170,45;170,8;165;0,05K;-2,24%
27.06.2023;169,45;168,35;169,35;165,55;0,02K;0,89%
26.06.2023;167,95;168;169,15;166,5;0,02K;-0,06%
23.06.2023;168,05;167,9;168,9;166,5;0,11K;-2,13%
22.06.2023;171,7;173,7;173,95;169,6;0,07K;-0,17%
21.06.2023;172;178,9;178,95;168,95;2,93K;-3,07%
20.06.2023;177,45;185,1;185,75;176,4;11,00K;-4,03%
16.06.2023;184,9;187,7;188,3;184,3;8,15K;-1,12%
15.06.2023;187;184,75;188,05;184,7;9,26K;1,41%
14.06.2023;184,4;182,55;184,75;181,25;7,87K;0,90%
13.06.2023;182,75;185,7;186,75;181,9;12,75K;-1,51%
12.06.2023;185,55;190,25;192,4;185,05;18,58K;-2,68%
09.06.2023;190,65;196,6;196,6;188,8;38,48K;-2,16%
08.06.2023;194,85;186,2;196,15;184,6;34,15K;5,10%
07.06.2023;185,4;183,6;186,6;182,65;28,69K;1,53%
06.06.2023;182,6;183,1;184,9;181,55;19,02K;-0,27%
05.06.2023;183,1;179,95;183,7;179,35;18,23K;1,55%
02.06.2023;180,3;183,3;187,8;179,05;27,03K;-1,50%
01.06.2023;183,05;179,65;184,7;179,5;22,53K;2,46%
31.05.2023;178,65;177,15;179,8;175,55;24,94K;0,88%
30.05.2023;177,1;180,05;181,75;175,9;27,46K;-2,48%
26.05.2023;181,6;182,8;184,8;180,3;19,57K;-0,60%
25.05.2023;182,7;188,2;188,4;181,65;24,48K;-2,82%
24.05.2023;188;188,05;189,4;186,6;13,61K;0,29%
23.05.2023;187,45;189,25;190,3;185,7;16,81K;-0,92%
22.05.2023;189,2;191;193,75;186,55;22,89K;-1,46%
19.05.2023;192;186,2;194,4;186,2;23,73K;0,81%
18.05.2023;190,45;186,15;187;183,35;12,73K;0,32%
17.05.2023;189,85;189,5;189,5;189,5;0,00K;-0,26%
16.05.2023;190,35;196;196,55;196;0,01K;-1,40%
15.05.2023;193,05;192,45;192,45;192,45;0,01K;3,79%
12.05.2023;186;185;186,75;185;0,03K;0,11%
11.05.2023;185,8;186;186,1;185,5;0,01K;-0,88%
10.05.2023;187,45;189,3;189,3;189,3;0,00K;-0,29%
09.05.2023;188;187,7;189,3;184,55;0,02K;0,59%
08.05.2023;186,9;188,05;189,95;183,45;15,39K;-2,15%
05.05.2023;191;183,7;189,25;182,8;23,96K;2,47%
04.05.2023;186,4;188;188;184,5;0,14K;-1,48%
03.05.2023;189,2;188,1;188,1;185,85;0,14K;-0,76%
02.05.2023;190,65;188,1;188,75;187,9;0,02K;0,74%
01.05.2023;189,25;188,25;188,25;187,1;0,01K;-0,32%
28.04.2023;189,85;189,5;190,35;189,1;0,04K;-1,17%
27.04.2023;192,1;192,8;192,8;192,1;0,02K;-1,91%
26.04.2023;195,85;194,15;195,85;194,15;0,01K;1,77%
25.04.2023;192,45;191;192,25;191;0,01K;-2,19%
24.04.2023;196,75;196,35;196,85;195;0,01K;1,31%
21.04.2023;194,2;197,15;197,15;193,5;0,08K;-0,87%
20.04.2023;195,9;199,2;199,65;194,75;0,23K;-3,28%
19.04.2023;202,55;203,5;207,45;199,75;6,87K;-1,32%
18.04.2023;205,25;201;206,95;198,35;9,42K;2,11%
17.04.2023;201;194;201,5;193,5;9,53K;3,93%
14.04.2023;193,4;195,65;199,65;192,85;11,46K;-1,38%
13.04.2023;196,1;190;199,7;189,35;35,20K;3,07%
12.04.2023;190,25;188,9;191,35;187,6;27,16K;-0,13%
11.04.2023;190,5;183,45;191,2;183;33,56K;4,33%
10.04.2023;182,6;183,6;186,8;181,6;22,69K;-0,54%
06.04.2023;183,6;179,55;184,55;177,95;27,06K;1,92%
05.04.2023;180,15;175,2;181,5;175,2;23,60K;3,03%
04.04.2023;174,85;176,1;177,45;173,1;17,85K;-0,79%
03.04.2023;176,25;171,3;178,35;171,25;25,79K;3,37%
31.03.2023;170,5;170;171,7;166,15;32,08K;0,41%
30.03.2023;169,8;171;172,5;168,15;27,28K;0,06%
29.03.2023;169,7;174,7;175,25;168,6;25,13K;-2,33%
28.03.2023;173,75;177,5;178,7;173,5;19,19K;-1,78%
27.03.2023;176,9;178,5;184;175,95;23,74K;-1,31%
24.03.2023;179,25;174,8;179,85;172,6;18,11K;2,84%
23.03.2023;174,3;178,75;179,4;173,9;14,59K;-2,08%
22.03.2023;178;179,55;181,1;176,7;13,55K;-4,66%
21.03.2023;186,7;179,35;182,85;178,85;13,97K;0,97%
20.03.2023;184,9;174,6;178,8;173,35;13,59K;1,04%
17.03.2023;183;181,65;182,25;181,65;0,07K;-1,35%
16.03.2023;185,5;174,3;181,4;173,5;22,99K;4,18%
15.03.2023;178,05;177,25;177,25;177,25;0,00K;-1,58%
14.03.2023;180,9;178,7;179,05;175,1;12,79K;-1,26%
13.03.2023;183,2;175;183,7;175;0,00K;0,52%
10.03.2023;182,25;180,05;182,35;180,05;0,03K;2,39%
09.03.2023;178;178,15;182,1;177;0,05K;-0,86%
08.03.2023;179,55;180;180;179;0,01K;-2,71%
07.03.2023;184,55;182,15;182,15;182,15;0,00K;1,15%
06.03.2023;182,45;180,8;182;180,6;0,01K;0,91%
03.03.2023;180,8;181;181,7;180,4;0,01K;-1,71%
02.03.2023;183,95;185;186,4;180,55;18,46K;-0,73%
01.03.2023;185,3;188;188;185;0,05K;-2,68%
28.02.2023;190,4;186,8;189,85;184,9;17,47K;-0,16%
27.02.2023;190,7;189,9;189,9;189,75;0,00K;-0,26%
24.02.2023;191,2;192,9;192,9;190,25;0,01K;-1,27%
23.02.2023;193,65;197,7;197,7;193,25;0,04K;-2,93%
22.02.2023;199,5;194,55;199,75;194,55;0,04K;2,60%
21.02.2023;194,45;188,3;197,3;188,3;0,12K;3,05%
17.02.2023;188,7;180,85;189,85;179,95;0,32K;4,43%
16.02.2023;180,7;178,25;183,25;176,75;4,54K;2,18%
15.02.2023;176,85;181,9;182,75;175,25;10,89K;-3,65%
14.02.2023;183,55;178;184;177,55;13,23K;3,67%
13.02.2023;177,05;174,5;179,75;174;18,23K;1,32%
10.02.2023;174,75;174,7;177,2;174;26,85K;0,63%
09.02.2023;173,65;175,9;177,05;172,05;25,23K;-1,11%
08.02.2023;175,6;177;177,6;174,3;28,50K;-0,82%
07.02.2023;177,05;177,15;178,5;172,95;37,40K;0,77%
06.02.2023;175,7;172,55;176,95;171,25;24,70K;1,68%
03.02.2023;172,8;176,4;177,9;172,05;27,22K;-2,87%
02.02.2023;177,9;177;181,35;176,55;20,53K;1,14%
01.02.2023;175,9;180,3;184,2;175,55;31,81K;-3,22%
31.01.2023;181,75;170,05;182,8;169,85;46,69K;6,66%
30.01.2023;170,4;168;171,65;167,05;25,65K;0,29%
27.01.2023;169,9;167,1;170,15;165,95;26,80K;1,65%
26.01.2023;167,15;162,65;167,75;162,45;24,86K;2,89%
25.01.2023;162,45;160;163,3;159,6;18,75K;1,63%
24.01.2023;159,85;158,95;161,25;156,85;21,92K;0,82%
23.01.2023;158,55;154,75;159,95;154,5;25,54K;2,42%
20.01.2023;154,8;154,45;155,4;151,85;12,91K;0,13%
19.01.2023;154,6;154,5;157,55;153,6;18,13K;-0,26%
18.01.2023;155;151,55;156,05;151,5;18,10K;2,58%
17.01.2023;151,1;150,5;152,1;148,5;16,46K;-0,40%
13.01.2023;151,7;150,55;152,35;147;23,81K;1,54%
12.01.2023;149,4;143,9;150,75;143,9;30,55K;3,82%
11.01.2023;143,9;149,8;150,5;142,05;37,94K;-4,64%
10.01.2023;150,9;157;158,05;149,1;36,50K;-4,52%
09.01.2023;158,05;158,3;161,2;156,4;23,89K;-0,16%
06.01.2023;158,3;160,1;162,55;157,15;16,25K;-1,40%
05.01.2023;160,55;162,25;163,15;159,5;15,42K;-0,46%
04.01.2023;161,3;167,25;167,95;159,25;21,95K;-3,01%
03.01.2023;166,3;166,45;171,15;164,65;18,91K;-0,60%
30.12.2022;167,3;169,1;172,45;165,15;13,42K;-1,62%
29.12.2022;170,05;172,95;173,4;169,25;10,62K;-2,02%
28.12.2022;173,55;166,75;174,95;166,7;16,43K;3,95%
27.12.2022;166,95;171;171;165,7;10,95K;-2,94%
23.12.2022;172;168,9;172,65;168,8;9,14K;1,84%
22.12.2022;168,9;169,1;170,2;165,15;10,47K;-0,27%
21.12.2022;169,35;168,5;170,35;167,1;10,14K;0,92%
20.12.2022;167,8;164,5;169,65;164,2;12,86K;2,29%
19.12.2022;164,05;163,95;167,1;162,55;12,46K;-0,06%
16.12.2022;164,15;171,65;173,8;163,8;18,95K;-4,29%
15.12.2022;171,5;166,7;173,1;166,25;16,99K;1,90%
14.12.2022;168,3;167;169,6;166,5;0,10K;0,69%
13.12.2022;167,15;165,5;165,5;165;0,03K;0,48%
12.12.2022;166,35;156,3;156,5;155;0,02K;5,45%
09.12.2022;157,75;158,5;158,5;157;0,04K;0,54%
08.12.2022;156,9;158,5;158,5;157;0,01K;-0,51%
07.12.2022;157,7;163,85;164,85;159,05;19,57K;-2,08%
06.12.2022;161,05;161,1;161,1;161,1;0,00K;0,56%
05.12.2022;160,15;162,25;165,1;162;12,50K;0,00%
02.12.2022;160,15;159,65;161,45;159,65;0,01K;-1,96%
01.12.2022;163,35;170;170,45;170;0,00K;-2,59%
30.11.2022;167,7;167,5;167,5;167,5;0,00K;0,60%
29.11.2022;166,7;161,95;169,5;161,5;15,17K;3,77%
28.11.2022;160,65;162,9;162,9;160,85;0,00K;-1,77%
25.11.2022;163,55;162,3;162,3;162,3;0,01K;2,15%
23.11.2022;160,1;163,85;163,85;160,2;0,02K;-1,05%
22.11.2022;161,8;160;162,25;160;0,01K;2,73%
21.11.2022;157,5;151,5;159;150,45;0,30K;4,10%
18.11.2022;151,3;153,65;157,05;150,75;4,25K;-0,92%
17.11.2022;152,7;154,9;156,15;150,6;6,07K;-1,77%
16.11.2022;155,45;158,9;159,55;154,3;7,03K;-0,83%
15.11.2022;156,75;166,15;167,7;154,1;12,89K;-5,69%
14.11.2022;166,2;168,7;168,7;163,4;11,89K;-2,29%
11.11.2022;170,1;170,25;173,7;168,7;18,69K;-0,53%
10.11.2022;171;165,3;171,7;162,9;23,68K;3,54%
09.11.2022;165,15;164,9;168,45;163,65;22,94K;-0,78%
08.11.2022;166,45;171,5;172,55;163,8;27,56K;-2,40%
07.11.2022;170,55;175,7;177,55;166,45;27,61K;-2,96%
04.11.2022;175,75;174,4;177,9;173,45;15,42K;2,06%
03.11.2022;172,2;181,15;181,25;170;23,04K;-5,46%
02.11.2022;182,15;175,2;183,4;175,2;19,83K;4,32%
01.11.2022;174,6;177,85;180,6;173,8;21,71K;-1,74%
31.10.2022;177,7;171,7;178,55;171,55;26,37K;4,65%
28.10.2022;169,8;178,85;179,65;167,75;30,55K;-5,06%
27.10.2022;178,85;181;183,6;178,1;19,57K;-0,50%
26.10.2022;179,75;184,9;185,75;179,05;25,20K;-3,26%
25.10.2022;185,8;191,1;192,8;183,3;28,94K;-2,42%
24.10.2022;190,4;190,05;194,15;188,9;18,49K;-0,26%
21.10.2022;190,9;188,7;192,55;186,2;17,81K;-0,08%
20.10.2022;191,05;190,15;194,6;188,2;20,02K;-0,65%
19.10.2022;192,3;195,1;196,45;190,15;19,27K;-1,44%
18.10.2022;195,1;196,3;197,8;193,2;18,45K;-0,23%
17.10.2022;195,55;197,5;199,7;194,05;21,87K;-0,58%
14.10.2022;196,7;203;204,6;195,65;31,21K;-2,70%
13.10.2022;202,15;209,7;210,6;201,1;34,57K;-3,62%
12.10.2022;209,75;217,4;218,85;209,2;31,78K;-3,72%
11.10.2022;217,85;216,9;220,9;215,15;15,73K;0,18%
10.10.2022;217,45;217;219,35;215,35;11,67K;-0,30%
07.10.2022;218,1;217,95;221,05;213,8;21,18K;0,18%
06.10.2022;217,7;226,25;226,45;216,75;22,41K;-3,09%
05.10.2022;224,65;219,65;226,3;218,1;23,92K;2,44%
04.10.2022;219,3;216,55;222,45;216,3;20,04K;1,65%
03.10.2022;215,75;220,8;222,65;214,75;22,48K;-2,62%
30.09.2022;221,55;225,2;226,45;220,9;16,73K;-1,84%
29.09.2022;225,7;228,2;229,75;224,2;14,50K;-1,31%
28.09.2022;228,7;223,95;229,4;220,35;17,98K;1,94%
27.09.2022;224,35;225;229,05;222,9;15,72K;0,25%
26.09.2022;223,8;218,5;232,05;218,4;23,52K;1,52%
23.09.2022;220,45;222,4;223,4;217,25;12,36K;-1,39%
22.09.2022;223,55;220,75;224,4;218,1;11,42K;1,02%
21.09.2022;221,3;224,7;226,4;219,4;11,66K;-2,98%
20.09.2022;228,1;222,4;226,45;220,25;16,87K;1,81%
19.09.2022;224,05;214,5;222,1;210,85;16,04K;2,75%
16.09.2022;218,05;216,15;216,15;216,15;0,00K;-0,50%
15.09.2022;219,15;219,2;219,2;219,2;0,00K;0,71%
14.09.2022;217,6;225,85;225,85;215,75;0,03K;-2,84%
13.09.2022;223,95;225,85;225,85;221,5;0,01K;-1,67%
12.09.2022;227,75;227,5;228,15;227,5;0,02K;-1,62%
09.09.2022;231,5;229,7;229,7;229,7;0,01K;2,50%
08.09.2022;225,85;227,5;227,5;225,6;0,00K;-0,46%
07.09.2022;226,9;229,3;229,5;227,2;0,01K;-2,99%
06.09.2022;233,9;232;234;232;0,00K;0,54%
02.09.2022;232,65;236,9;237,55;232,3;0,01K;-1,57%
01.09.2022;236,35;238,55;238,55;236,6;0,01K;-1,15%
31.08.2022;239,1;240,75;240,75;239,65;0,01K;-0,02%
30.08.2022;239,15;238,75;241,75;238,75;0,01K;-0,56%
29.08.2022;240,5;240,55;240,55;240,55;0,00K;-0,62%
26.08.2022;242;242,6;245,25;242,45;0,02K;-0,58%
25.08.2022;243,4;242,65;246,9;241,95;0,02K;0,19%
24.08.2022;242,95;234,35;242,35;234,35;0,06K;5,33%
23.08.2022;230,65;224,55;231,6;222,8;0,24K;2,83%
22.08.2022;224,3;215;225,6;213,55;10,08K;3,87%
19.08.2022;215,95;215,2;217,55;212,6;9,62K;0,58%
18.08.2022;214,7;218;220,7;214,35;7,49K;-1,26%
17.08.2022;217,45;219;222,1;215,9;5,87K;-0,87%
16.08.2022;219,35;224,9;225;218,7;11,23K;-2,73%
15.08.2022;225,5;226,05;226,25;221,65;10,18K;-0,49%
12.08.2022;226,6;223,85;227,7;221,25;16,57K;1,18%
11.08.2022;223,95;221,2;224,45;215,25;20,78K;1,59%
10.08.2022;220,45;212,75;221,35;212,6;21,80K;3,62%
09.08.2022;212,75;212;213,5;208,2;21,43K;0,42%
08.08.2022;211,85;210,4;215,7;207,5;25,34K;1,15%
05.08.2022;209,45;220,1;221,95;208,55;36,20K;-4,49%
04.08.2022;219,3;214,8;220,45;214,15;22,02K;2,17%
03.08.2022;214,65;207,8;218,55;207,4;19,56K;2,26%
02.08.2022;209,9;211,7;212,8;205,9;18,77K;-1,55%
01.08.2022;213,2;217,55;222,2;210,4;19,38K;-1,84%
29.07.2022;217,2;219,4;220,4;211,95;19,37K;-0,55%
28.07.2022;218,4;219,3;221,4;214,25;14,42K;-0,32%
27.07.2022;219,1;213,05;220,25;212,55;19,70K;2,77%
26.07.2022;213,2;210,5;215,1;209,65;13,85K;1,50%
25.07.2022;210,05;205,2;211,25;204,2;15,07K;1,62%
22.07.2022;206,7;214,8;214,8;205,5;21,96K;-4,24%
21.07.2022;215,85;217,3;218,25;214,3;11,86K;-1,05%
20.07.2022;218,15;216;218,6;213,95;13,33K;-1,02%
19.07.2022;220,4;215;216,75;211,35;14,04K;0,59%
18.07.2022;219,1;216,3;216,3;216,3;0,00K;7,56%
15.07.2022;203,7;198;202,15;194,6;21,17K;2,26%
14.07.2022;199,2;207,2;207,3;194,95;31,31K;-5,70%
13.07.2022;211,25;209,8;209,8;209,8;0,00K;0,96%
12.07.2022;209,25;216;216;209;0,01K;-3,53%
11.07.2022;216,9;222,7;222,7;222,7;0,01K;-2,69%
08.07.2022;222,9;222,35;222,35;219;0,08K;0,32%
07.07.2022;222,2;225,75;225,75;225,75;0,00K;-0,13%
06.07.2022;222,5;223,55;223,55;222,25;0,00K;-0,96%
05.07.2022;224,65;227,5;227,5;224,95;0,01K;-1,66%
01.07.2022;228,45;232,85;232,85;227,9;0,07K;-2,20%
30.06.2022;233,6;233,7;233,7;233,7;0,01K;0,41%
29.06.2022;232,65;223,3;232,65;223,25;0,03K;4,84%
28.06.2022;221,9;224,5;224,95;221,25;0,02K;-1,81%
27.06.2022;226;227,4;229,2;224,25;0,07K;-0,26%
24.06.2022;226,6;231,25;234,45;226;0,14K;-2,52%
23.06.2022;232,45;238,5;238,5;231,7;0,56K;-2,58%
22.06.2022;238,6;233,95;239;232,5;0,30K;2,36%
21.06.2022;233,1;227,9;236,4;227,9;14,72K;2,39%
17.06.2022;227,65;232,7;234,5;226,8;9,11K;-1,85%
16.06.2022;231,95;228,5;233;226,2;5,59K;1,51%
15.06.2022;228,5;225,85;229,7;221,75;9,19K;0,68%
14.06.2022;226,95;224,25;229,25;222,9;12,87K;1,61%
13.06.2022;223,35;226,8;227,85;218,9;22,84K;-2,42%
10.06.2022;228,9;234;235,45;227,8;38,91K;-2,45%
09.06.2022;234,65;231,25;235,7;230,3;23,01K;1,21%
08.06.2022;231,85;233;234,6;229,85;21,82K;-0,13%
07.06.2022;232,15;235,4;238,65;230,75;28,72K;-2,27%
06.06.2022;237,55;233,6;240,45;232,85;27,69K;2,22%
03.06.2022;232,4;236,15;240;231,45;19,09K;-2,46%
02.06.2022;238,25;239,45;242;236,95;19,68K;-0,50%
01.06.2022;239,45;232,05;240,65;232,05;30,34K;3,55%
31.05.2022;231,25;228,3;233,8;223,85;25,58K;0,78%
27.05.2022;229,45;225,1;229,9;224,2;14,25K;1,26%
26.05.2022;226,6;216,85;227,3;216,5;20,95K;4,40%
25.05.2022;217,05;213,2;218,3;212,25;17,43K;1,59%
24.05.2022;213,65;215,25;215,6;211;15,18K;-0,97%
23.05.2022;215,75;216,85;217,7;214,75;12,02K;-0,05%
20.05.2022;215,85;221,9;223,3;214,3;14,56K;-1,30%
19.05.2022;218,7;218;219,4;213,2;14,52K;0,05%
18.05.2022;218,6;226,5;226,5;215,75;18,11K;-4,21%
17.05.2022;228,2;224;229,35;220,55;18,76K;1,06%
16.05.2022;225,8;224;224;223,5;0,01K;6,06%
13.05.2022;212,9;215,9;216,85;209,65;19,97K;-0,98%
12.05.2022;215;216,4;217,2;205,55;0,12K;-2,32%
11.05.2022;220,1;204,05;220,45;204,05;29,97K;7,89%
10.05.2022;204;206,25;207,7;206,25;0,01K;-1,11%
09.05.2022;206,3;212;212;204,55;0,03K;-2,50%
06.05.2022;211,6;214,55;214,55;211,45;0,01K;-3,11%
05.05.2022;218,4;218,5;218,5;218;0,04K;-1,27%
04.05.2022;221,2;219,85;221,05;219,85;0,00K;1,37%
03.05.2022;218,2;216,95;220,3;216,95;0,01K;0,83%
02.05.2022;216,4;217,7;217,7;215,1;0,06K;-2,76%
29.04.2022;222,55;217,9;224,4;217,8;14,48K;2,13%
28.04.2022;217,9;217;218,4;214,65;0,14K;0,90%
27.04.2022;215,95;220,3;220,4;215;0,11K;-2,46%
26.04.2022;221,4;223;223;220,6;0,04K;0,27%
25.04.2022;220,8;226,4;226,4;221,2;0,04K;-2,86%
22.04.2022;227,3;227,5;229,65;226;0,07K;-0,37%
21.04.2022;228,15;220,25;228,15;218;0,26K;4,27%
20.04.2022;218,8;222;222,95;217,25;9,96K;-1,13%
19.04.2022;221,3;223,5;224,8;219,75;11,59K;-0,98%
18.04.2022;223,5;224,3;225,6;220;7,04K;-0,04%
14.04.2022;223,6;225,85;227,7;221;15,62K;-0,64%
13.04.2022;225,05;233,85;235;224,65;25,95K;-3,66%
12.04.2022;233,6;237,4;237,75;232,75;19,66K;-1,27%
11.04.2022;236,6;231,65;237,6;230,95;28,21K;2,14%
08.04.2022;231,65;225,15;233;224,8;34,34K;2,43%
07.04.2022;226,15;229,2;230,25;224,2;29,01K;-0,64%
06.04.2022;227,6;230,95;231,55;225;30,56K;-1,60%
05.04.2022;231,3;231,7;232,25;228,8;20,02K;0,30%
04.04.2022;230,6;227,8;231,85;226,25;20,02K;0,96%
01.04.2022;228,4;226;230,4;224,8;13,42K;0,88%
31.03.2022;226,4;222,05;227,65;220,15;18,05K;2,05%
30.03.2022;221,85;215,55;223,2;213,1;16,24K;2,85%
29.03.2022;215,7;215,25;217,4;214;12,36K;0,54%
28.03.2022;214,55;221,75;222,95;212,5;23,42K;-3,29%
25.03.2022;221,85;222,95;223,2;219,4;9,39K;0,00%
24.03.2022;221,85;225,7;227,1;220,55;11,84K;-1,53%
23.03.2022;225,3;224,2;228,65;223,2;13,00K;0,11%
22.03.2022;225,05;224,9;227,85;223,3;14,17K;-0,35%
21.03.2022;225,85;222,65;222,65;222,65;0,03K;2,52%
18.03.2022;220,3;215,55;221,25;214,4;14,28K;1,38%
17.03.2022;217,3;216;218;216;0,01K;-0,59%
16.03.2022;218,6;214,3;214,3;211,3;0,01K;2,97%
15.03.2022;212,3;211,5;211,5;211,5;0,01K;-3,35%
14.03.2022;219,65;220,5;224,05;218,8;0,03K;-1,48%
11.03.2022;222,95;224,6;225,4;221,2;14,46K;-1,00%
10.03.2022;225,2;230;230;223,85;0,01K;-2,28%
09.03.2022;230,45;233,4;235,9;227,65;18,94K;-1,54%
08.03.2022;234,05;223,2;233,4;223,2;0,01K;3,79%
07.03.2022;225,5;226,35;229,55;225,2;0,01K;0,60%
04.03.2022;224,15;224,25;224,9;223,4;0,01K;0,00%
03.03.2022;224,15;231,55;231,55;224;0,01K;-2,73%
02.03.2022;230,45;235;235;229;0,01K;-2,87%
01.03.2022;237,25;236,95;236,95;236;0,00K;1,28%
28.02.2022;234,25;239,5;239,5;233,95;0,01K;-2,42%
25.02.2022;240,05;243,35;243,35;239,5;0,03K;0,29%
24.02.2022;239,35;248,5;248,5;238,95;0,05K;-3,72%
23.02.2022;248,6;249,5;252,75;248,4;0,03K;0,06%
22.02.2022;248,45;246,7;249,1;244;0,06K;0,65%
18.02.2022;246,85;252,35;252,35;244,3;0,10K;-1,85%
17.02.2022;251,5;252,2;253,6;248,95;1,15K;-0,30%
16.02.2022;252,25;253;254,55;250,05;16,71K;0,16%
15.02.2022;251,85;249,45;252,2;246,95;15,14K;1,74%
14.02.2022;247,55;251,25;253,9;244,8;16,81K;-1,63%
11.02.2022;251,65;254,6;256,8;250,85;24,39K;-1,39%
10.02.2022;255,2;259,1;260,45;253,65;30,10K;-1,22%
09.02.2022;258,35;248,3;259,5;247,9;45,25K;3,78%
08.02.2022;248,95;242;250;241,75;49,90K;3,02%
07.02.2022;241,65;241,6;242,9;239,55;22,86K;-0,08%
04.02.2022;241,85;244,05;244,4;238,1;24,38K;-0,84%
03.02.2022;243,9;239,5;244,3;237,85;25,16K;2,14%
02.02.2022;238,8;237,7;240,35;236,25;17,51K;0,89%
01.02.2022;236,7;235,75;240,85;235,75;27,18K;0,68%
31.01.2022;235,1;235,35;237,7;233,8;18,12K;-0,34%
28.01.2022;235,9;233,05;237,9;230,3;15,33K;1,66%
27.01.2022;232,05;237,25;237,75;231,55;27,59K;-2,87%
26.01.2022;238,9;238,6;241,35;237,25;10,68K;0,42%
25.01.2022;237,9;235;239;234,55;21,34K;2,12%
24.01.2022;232,95;237,45;237,5;230,45;30,85K;-2,08%
21.01.2022;237,9;241,3;242,2;236;21,50K;-2,36%
20.01.2022;243,65;245;245;241;14,34K;-0,33%
19.01.2022;244,45;238,4;245;238,35;17,08K;2,02%
